# Blender 5.2.0 LTS
# www.blender.org
mtllib Untitled.mtl
o Cube
v -0.463757 0.086680 -1.471788
v -0.463757 0.060959 -1.471788
v -0.463757 0.086680 -1.489097
v -0.463757 0.060959 -1.489097
v -0.478624 0.086680 -1.466701
v -0.478624 0.086680 -1.484010
v -0.478624 0.060959 -1.466701
v -0.478624 0.060959 -1.484010
v -0.485479 1.228235 -0.642502
v -0.480956 0.072224 -0.642502
v -0.490002 0.072224 -0.642502
v -0.485479 0.072224 -1.494689
v -0.480956 0.072224 -1.461670
v -0.485480 1.228235 -1.466633
v -0.490003 0.072224 -1.461670
v -0.494778 1.163207 -0.642502
v -0.485480 1.163207 -1.499852
v -0.494779 1.163207 -1.466633
v -0.494778 0.233578 -0.642502
v -0.485479 0.233578 -1.499852
v -0.494779 0.233578 -1.466633
v 0.684345 0.084292 -1.471787
v 0.681715 0.086680 -1.471787
v 0.684145 0.085206 -1.471787
v 0.683575 0.085981 -1.471787
v 0.682722 0.086498 -1.471787
v 0.681715 0.060959 -1.471787
v 0.684345 0.063346 -1.471787
v 0.682722 0.061140 -1.471787
v 0.683575 0.061658 -1.471787
v 0.684145 0.062433 -1.471787
v 0.666651 0.084292 -1.500559
v 0.662352 0.084292 -1.501991
v 0.665578 0.086680 -1.499335
v 0.665738 0.084292 -1.501107
v 0.664600 0.084292 -1.501571
v 0.666548 0.085206 -1.500482
v 0.665613 0.085174 -1.500980
v 0.664738 0.085151 -1.501410
v 0.664878 0.085666 -1.501179
v 0.663040 0.085206 -1.501788
v 0.663894 0.085981 -1.501213
v 0.663411 0.084292 -1.501882
v 0.663912 0.085174 -1.501609
v 0.664433 0.085880 -1.501247
v 0.665967 0.086498 -1.499819
v 0.666308 0.085981 -1.500222
v 0.664785 0.086498 -1.500351
v 0.665154 0.086234 -1.500606
v 0.665483 0.085880 -1.500820
v 0.665578 0.060959 -1.499335
v 0.662352 0.063346 -1.501991
v 0.666651 0.063346 -1.500559
v 0.664785 0.061140 -1.500351
v 0.663894 0.061658 -1.501213
v 0.665967 0.061140 -1.499819
v 0.665154 0.061405 -1.500606
v 0.664433 0.061759 -1.501247
v 0.664878 0.061973 -1.501179
v 0.663411 0.063346 -1.501882
v 0.664600 0.063346 -1.501571
v 0.663040 0.062433 -1.501788
v 0.663912 0.062465 -1.501609
v 0.664738 0.062487 -1.501410
v 0.666548 0.062433 -1.500482
v 0.666308 0.061658 -1.500222
v 0.665738 0.063346 -1.501107
v 0.665613 0.062465 -1.500980
v 0.665483 0.061759 -1.500820
v -0.463757 0.084292 -1.501991
v -0.463757 0.086680 -1.499324
v -0.463757 0.085206 -1.501788
v -0.463757 0.085981 -1.501210
v -0.463757 0.086498 -1.500345
v -0.463757 0.060959 -1.499324
v -0.463757 0.063346 -1.501991
v -0.463757 0.061140 -1.500345
v -0.463757 0.061658 -1.501210
v -0.463757 0.062433 -1.501788
v 0.679302 0.086680 -1.489097
v 0.682287 0.084292 -1.486731
v 0.680049 0.084292 -1.490528
v 0.680393 0.086498 -1.488569
v 0.681342 0.085981 -1.487933
v 0.679632 0.086498 -1.489611
v 0.680529 0.086234 -1.489035
v 0.681266 0.085880 -1.488515
v 0.681103 0.085666 -1.488955
v 0.682016 0.084292 -1.487745
v 0.681496 0.084292 -1.488823
v 0.682008 0.085206 -1.487288
v 0.681686 0.085174 -1.488129
v 0.681338 0.085151 -1.488901
v 0.680037 0.085206 -1.490386
v 0.679890 0.085981 -1.490064
v 0.680806 0.084292 -1.489800
v 0.680736 0.085174 -1.489630
v 0.680638 0.085880 -1.489443
v 0.679302 0.060959 -1.489097
v 0.680049 0.063346 -1.490528
v 0.682287 0.063346 -1.486731
v 0.679632 0.061140 -1.489611
v 0.679890 0.061658 -1.490064
v 0.680393 0.061140 -1.488569
v 0.680529 0.061405 -1.489035
v 0.680638 0.061759 -1.489443
v 0.681103 0.061973 -1.488955
v 0.680806 0.063346 -1.489800
v 0.681496 0.063346 -1.488823
v 0.680037 0.062433 -1.490386
v 0.680736 0.062465 -1.489630
v 0.681338 0.062487 -1.488901
v 0.682008 0.062433 -1.487288
v 0.681342 0.061658 -1.487933
v 0.682016 0.063346 -1.487745
v 0.681686 0.062465 -1.488129
v 0.681266 0.061759 -1.488515
v -0.491102 0.086680 -1.451757
v -0.493490 0.084292 -1.448897
v -0.492016 0.086498 -1.450662
v -0.492791 0.085981 -1.449734
v -0.493308 0.085206 -1.449115
v -0.493490 0.063346 -1.448897
v -0.491102 0.060959 -1.451757
v -0.493308 0.062433 -1.449115
v -0.492791 0.061658 -1.449734
v -0.492016 0.061140 -1.450662
v -0.491959 0.084292 -1.480933
v -0.493490 0.084292 -1.476712
v -0.491102 0.086680 -1.479223
v -0.492545 0.084292 -1.480050
v -0.493042 0.084292 -1.478938
v -0.491992 0.085206 -1.480686
v -0.492488 0.085174 -1.479821
v -0.492916 0.085151 -1.479001
v -0.492722 0.085666 -1.479054
v -0.493308 0.085206 -1.477288
v -0.492791 0.085981 -1.477968
v -0.493374 0.084292 -1.477765
v -0.493124 0.085174 -1.478173
v -0.492802 0.085880 -1.478579
v -0.491528 0.086498 -1.479761
v -0.491840 0.085981 -1.480275
v -0.492016 0.086498 -1.478647
v -0.492226 0.086234 -1.479142
v -0.492390 0.085880 -1.479585
v -0.491959 0.063346 -1.480933
v -0.491102 0.060959 -1.479223
v -0.493490 0.063346 -1.476712
v -0.491992 0.062433 -1.480686
v -0.491840 0.061658 -1.480275
v -0.492545 0.063346 -1.480050
v -0.492488 0.062465 -1.479821
v -0.492390 0.061759 -1.479585
v -0.492722 0.061973 -1.479054
v -0.492016 0.061140 -1.478647
v -0.492791 0.061658 -1.477968
v -0.491528 0.061140 -1.479761
v -0.492226 0.061404 -1.479142
v -0.492802 0.061759 -1.478579
v -0.493374 0.063346 -1.477765
v -0.493042 0.063346 -1.478938
v -0.493308 0.062433 -1.477288
v -0.493124 0.062465 -1.478173
v -0.492916 0.062487 -1.479001
v -0.491102 0.086680 -1.469066
v -0.493490 0.084292 -1.466206
v -0.492016 0.086498 -1.467972
v -0.492791 0.085981 -1.467044
v -0.493308 0.085206 -1.466424
v -0.493490 0.063346 -1.466206
v -0.491102 0.060959 -1.469066
v -0.493308 0.062433 -1.466424
v -0.492791 0.061658 -1.467044
v -0.492016 0.061140 -1.467972
v -0.478624 0.060959 -1.494207
v -0.480154 0.063346 -1.495071
v -0.476364 0.063346 -1.497677
v -0.479169 0.061140 -1.494587
v -0.479651 0.061658 -1.494884
v -0.478201 0.061140 -1.495384
v -0.478636 0.061404 -1.495536
v -0.479026 0.061759 -1.495651
v -0.478550 0.061973 -1.496148
v -0.479397 0.063346 -1.495831
v -0.478410 0.063346 -1.496593
v -0.479997 0.062433 -1.495054
v -0.479217 0.062465 -1.495761
v -0.478486 0.062487 -1.496400
v -0.476978 0.062433 -1.497262
v -0.477623 0.061658 -1.496457
v -0.477345 0.063346 -1.497242
v -0.477751 0.062465 -1.496828
v -0.478142 0.061759 -1.496333
v -0.476364 0.084292 -1.497677
v -0.480154 0.084292 -1.495071
v -0.478624 0.086680 -1.494207
v -0.477345 0.084292 -1.497242
v -0.478410 0.084292 -1.496593
v -0.476978 0.085206 -1.497262
v -0.477751 0.085174 -1.496828
v -0.478486 0.085151 -1.496399
v -0.478550 0.085666 -1.496148
v -0.479997 0.085206 -1.495054
v -0.479651 0.085981 -1.494884
v -0.479397 0.084292 -1.495831
v -0.479217 0.085174 -1.495761
v -0.479026 0.085880 -1.495651
v -0.478201 0.086498 -1.495384
v -0.477623 0.085981 -1.496457
v -0.479169 0.086498 -1.494587
v -0.478636 0.086234 -1.495536
v -0.478142 0.085880 -1.496333
v -0.476180 0.104519 -0.642502
v -0.478509 0.102131 -0.642502
v -0.476357 0.103605 -0.642502
v -0.476862 0.102830 -0.642502
v -0.477618 0.102313 -0.642502
v -0.492450 0.102131 -0.642502
v -0.494778 0.104519 -0.642502
v -0.493341 0.102313 -0.642502
v -0.494096 0.102830 -0.642502
v -0.494601 0.103605 -0.642502
v -0.478568 0.104519 -1.499852
v -0.478499 0.102131 -1.497345
v -0.476181 0.104519 -1.497464
v -0.478553 0.103605 -1.499661
v -0.478535 0.102830 -1.499118
v -0.477655 0.104519 -1.499670
v -0.477676 0.103637 -1.499395
v -0.477688 0.102931 -1.499023
v -0.477181 0.103146 -1.498812
v -0.477612 0.102313 -1.497372
v -0.476860 0.102830 -1.497404
v -0.478516 0.102313 -1.498304
v -0.477655 0.102577 -1.498290
v -0.476965 0.102931 -1.498284
v -0.476362 0.104519 -1.498378
v -0.476880 0.104519 -1.499152
v -0.476357 0.103605 -1.497436
v -0.476620 0.103637 -1.498326
v -0.476974 0.103660 -1.499039
v -0.492460 0.102131 -1.497345
v -0.492391 0.104519 -1.499852
v -0.494779 0.104519 -1.497464
v -0.492443 0.102313 -1.498304
v -0.492424 0.102830 -1.499117
v -0.493347 0.102313 -1.497372
v -0.493304 0.102577 -1.498289
v -0.493271 0.102931 -1.499023
v -0.493778 0.103145 -1.498812
v -0.493304 0.104519 -1.499670
v -0.494079 0.104519 -1.499152
v -0.492406 0.103605 -1.499661
v -0.493283 0.103637 -1.499395
v -0.493985 0.103660 -1.499039
v -0.494602 0.103605 -1.497436
v -0.494099 0.102830 -1.497404
v -0.494597 0.104519 -1.498378
v -0.494339 0.103637 -1.498326
v -0.493994 0.102931 -1.498284
v -0.478568 1.228235 -0.642502
v -0.476180 1.225847 -0.642502
v -0.477655 1.228054 -0.642502
v -0.476880 1.227536 -0.642502
v -0.476362 1.226761 -0.642502
v -0.494778 1.225847 -0.642502
v -0.492390 1.228235 -0.642502
v -0.494597 1.226761 -0.642502
v -0.494079 1.227536 -0.642502
v -0.493304 1.228054 -0.642502
v -0.478569 1.228235 -1.497464
v -0.478569 1.225847 -1.499852
v -0.476181 1.225847 -1.497464
v -0.478569 1.228054 -1.498378
v -0.478569 1.227536 -1.499152
v -0.477655 1.228054 -1.497464
v -0.477632 1.227834 -1.498400
v -0.477679 1.227414 -1.499031
v -0.477190 1.227226 -1.498842
v -0.477655 1.225847 -1.499670
v -0.476880 1.225847 -1.499152
v -0.478569 1.226761 -1.499670
v -0.477632 1.226784 -1.499451
v -0.477001 1.226737 -1.499031
v -0.476362 1.226761 -1.497464
v -0.476880 1.227536 -1.497464
v -0.476362 1.225847 -1.498378
v -0.476582 1.226784 -1.498400
v -0.477001 1.227414 -1.498353
v -0.494779 1.225847 -1.497464
v -0.492391 1.225847 -1.499852
v -0.492391 1.228235 -1.497464
v -0.494597 1.225847 -1.498378
v -0.494079 1.225847 -1.499152
v -0.494597 1.226761 -1.497464
v -0.494377 1.226784 -1.498400
v -0.493958 1.226737 -1.499031
v -0.493769 1.227226 -1.498842
v -0.492391 1.226761 -1.499670
v -0.492391 1.227536 -1.499152
v -0.493304 1.225847 -1.499670
v -0.493327 1.226784 -1.499451
v -0.493280 1.227414 -1.499031
v -0.493304 1.228054 -1.497464
v -0.494079 1.227536 -1.497464
v -0.492391 1.228054 -1.498378
v -0.493327 1.227834 -1.498400
v -0.493958 1.227414 -1.498353
v -0.480956 0.072224 -1.492301
v -0.483344 0.072224 -1.494689
v -0.481138 0.072224 -1.493215
v -0.481656 0.072224 -1.493989
v -0.482431 0.072224 -1.494507
v -0.485479 0.104519 -1.499852
v -0.485479 0.102131 -1.497350
v -0.485479 0.103605 -1.499661
v -0.485479 0.102830 -1.499119
v -0.485479 0.102313 -1.498307
v -0.485480 1.228235 -1.497464
v -0.485480 1.225847 -1.499852
v -0.485480 1.228054 -1.498378
v -0.485480 1.227536 -1.499152
v -0.485480 1.226761 -1.499670
v -0.483344 0.099743 -1.494689
v -0.480956 0.099743 -1.492301
v -0.478638 0.102131 -1.497195
v -0.482431 0.099743 -1.494507
v -0.481656 0.099743 -1.493989
v -0.482299 0.100657 -1.494879
v -0.481714 0.100625 -1.494700
v -0.481284 0.100602 -1.494387
v -0.480981 0.101116 -1.494720
v -0.480780 0.100657 -1.493446
v -0.480277 0.101432 -1.494778
v -0.481138 0.099743 -1.493215
v -0.480963 0.100625 -1.493987
v -0.480660 0.101331 -1.494742
v -0.479752 0.101949 -1.496236
v -0.481038 0.101432 -1.495423
v -0.479525 0.101949 -1.496095
v -0.480274 0.101685 -1.495485
v -0.481002 0.101331 -1.495035
v -0.478628 0.102131 -0.642502
v -0.480956 0.099743 -0.642502
v -0.479519 0.101949 -0.642502
v -0.480274 0.101432 -0.642502
v -0.480779 0.100657 -0.642502
v -0.490002 0.099743 -0.642502
v -0.492331 0.102131 -0.642502
v -0.490180 0.100657 -0.642502
v -0.490684 0.101432 -0.642502
v -0.491440 0.101949 -0.642502
v -0.490003 0.099743 -1.492301
v -0.487615 0.099743 -1.494689
v -0.492321 0.102131 -1.497195
v -0.489821 0.099743 -1.493215
v -0.489303 0.099743 -1.493989
v -0.490179 0.100657 -1.493446
v -0.489996 0.100625 -1.493987
v -0.489675 0.100602 -1.494387
v -0.489978 0.101116 -1.494720
v -0.488659 0.100657 -1.494879
v -0.489921 0.101432 -1.495423
v -0.488528 0.099743 -1.494507
v -0.489245 0.100625 -1.494700
v -0.489957 0.101331 -1.495035
v -0.491434 0.101949 -1.496095
v -0.490682 0.101432 -1.494778
v -0.491207 0.101949 -1.496236
v -0.490685 0.101685 -1.495485
v -0.490299 0.101331 -1.494742
v -0.485479 0.102131 -1.497191
v -0.485479 0.099743 -1.494689
v -0.485479 0.101949 -1.496233
v -0.485479 0.101432 -1.495422
v -0.485479 0.100657 -1.494879
v -0.487615 0.072224 -1.494689
v -0.490003 0.072224 -1.492301
v -0.488528 0.072224 -1.494507
v -0.489303 0.072224 -1.493989
v -0.489821 0.072224 -1.493215
v -0.476180 0.104519 -1.466633
v -0.478507 0.102131 -1.464216
v -0.476358 0.103605 -1.466449
v -0.476862 0.102830 -1.465925
v -0.477616 0.102313 -1.465141
v -0.494779 0.104519 -1.466633
v -0.492452 0.102131 -1.464216
v -0.494601 0.103605 -1.466449
v -0.494097 0.102830 -1.465925
v -0.493343 0.102313 -1.465141
v -0.478569 1.228235 -1.466633
v -0.476181 1.225847 -1.466633
v -0.477655 1.228054 -1.466633
v -0.476880 1.227536 -1.466633
v -0.476362 1.226761 -1.466633
v -0.492391 1.228235 -1.466633
v -0.494779 1.225847 -1.466633
v -0.493304 1.228054 -1.466633
v -0.494079 1.227536 -1.466633
v -0.494597 1.226761 -1.466633
v -0.478630 0.102131 -1.464088
v -0.480956 0.099743 -1.461670
v -0.479520 0.101949 -1.463163
v -0.480275 0.101432 -1.462379
v -0.480779 0.100657 -1.461854
v -0.492329 0.102131 -1.464088
v -0.490003 0.099743 -1.461670
v -0.491439 0.101949 -1.463163
v -0.490684 0.101432 -1.462379
v -0.490179 0.100657 -1.461854
v -0.478569 1.163207 -1.499852
v -0.476181 1.163207 -1.497464
v -0.477655 1.163207 -1.499670
v -0.476880 1.163207 -1.499152
v -0.476362 1.163207 -1.498378
v -0.494779 1.163207 -1.497464
v -0.492391 1.163207 -1.499852
v -0.494597 1.163207 -1.498378
v -0.494079 1.163207 -1.499152
v -0.493304 1.163207 -1.499670
v -0.476180 1.165595 -0.642502
v -0.477793 1.161445 -0.642502
v -0.476303 1.164547 -0.642502
v -0.476652 1.163390 -0.642502
v -0.477176 1.162301 -0.642502
v -0.477708 1.158625 -1.464797
v -0.477793 1.161445 -1.461619
v -0.476181 1.165595 -1.469021
v -0.478017 1.159402 -1.464191
v -0.478142 1.160211 -1.463374
v -0.477123 1.160224 -1.465682
v -0.477288 1.160905 -1.465237
v -0.477381 1.161427 -1.464679
v -0.476929 1.162206 -1.465504
v -0.477176 1.162301 -1.463317
v -0.476653 1.163390 -1.465320
v -0.478063 1.160928 -1.462471
v -0.477314 1.161919 -1.464084
v -0.476745 1.162824 -1.465534
v -0.476297 1.163996 -1.467968
v -0.476628 1.162110 -1.466795
v -0.476303 1.164547 -1.467323
v -0.476474 1.163417 -1.466766
v -0.476734 1.162261 -1.466182
v -0.492391 0.233578 -1.499852
v -0.494779 0.233578 -1.497464
v -0.493304 0.233578 -1.499670
v -0.494079 0.233578 -1.499152
v -0.494597 0.233578 -1.498378
v -0.478568 0.233578 -1.499852
v -0.476181 0.233578 -1.497464
v -0.477655 0.233578 -1.499670
v -0.476880 0.233578 -1.499152
v -0.476362 0.233578 -1.498378
v -0.477793 0.235339 -0.642502
v -0.476180 0.231190 -0.642502
v -0.477175 0.234483 -0.642502
v -0.476653 0.233394 -0.642502
v -0.476303 0.232238 -0.642502
v -0.477708 0.238159 -1.464797
v -0.476180 0.231190 -1.469021
v -0.477793 0.235339 -1.461619
v -0.477123 0.236560 -1.465682
v -0.476628 0.234674 -1.466795
v -0.478017 0.237382 -1.464191
v -0.477288 0.235879 -1.465237
v -0.476734 0.234523 -1.466182
v -0.476929 0.234579 -1.465504
v -0.476303 0.232238 -1.467323
v -0.476653 0.233394 -1.465320
v -0.476297 0.232789 -1.467968
v -0.476474 0.233368 -1.466766
v -0.476745 0.233960 -1.465534
v -0.478063 0.235856 -1.462471
v -0.478142 0.236574 -1.463374
v -0.477176 0.234483 -1.463317
v -0.477314 0.234865 -1.464084
v -0.477381 0.235357 -1.464679
v -0.483656 0.244133 -0.642502
v -0.482044 0.239984 -0.642502
v -0.483533 0.243085 -0.642502
v -0.483183 0.241929 -0.642502
v -0.482661 0.240840 -0.642502
v -0.482044 1.156800 -0.642502
v -0.483656 1.152651 -0.642502
v -0.482661 1.155944 -0.642502
v -0.483183 1.154855 -0.642502
v -0.483533 1.153699 -0.642502
v -0.482129 0.242990 -1.459481
v -0.482044 0.239984 -1.456508
v -0.483656 0.244133 -1.455257
v -0.482399 0.242170 -1.458922
v -0.482478 0.241311 -1.458160
v -0.482713 0.243252 -1.458596
v -0.482809 0.242457 -1.458152
v -0.482847 0.241756 -1.457690
v -0.483070 0.242160 -1.457272
v -0.482661 0.240840 -1.456221
v -0.483184 0.241929 -1.455882
v -0.482353 0.240543 -1.457313
v -0.482783 0.241287 -1.456999
v -0.483157 0.242025 -1.456697
v -0.483540 0.243871 -1.456310
v -0.483209 0.243561 -1.457483
v -0.483533 0.243085 -1.455544
v -0.483363 0.242901 -1.456513
v -0.483168 0.242736 -1.457395
v -0.482129 1.153794 -1.459481
v -0.483656 1.152651 -1.455257
v -0.482044 1.156800 -1.456507
v -0.482713 1.153532 -1.458596
v -0.483209 1.153223 -1.457483
v -0.482399 1.154614 -1.458922
v -0.482810 1.154327 -1.458152
v -0.483168 1.154048 -1.457395
v -0.483070 1.154624 -1.457271
v -0.483533 1.153699 -1.455544
v -0.483184 1.154855 -1.455882
v -0.483540 1.152913 -1.456310
v -0.483363 1.153883 -1.456513
v -0.483157 1.154759 -1.456697
v -0.482353 1.156240 -1.457313
v -0.482478 1.155473 -1.458160
v -0.482661 1.155944 -1.456220
v -0.482784 1.155497 -1.456999
v -0.482847 1.155028 -1.457690
v -0.463758 0.086680 0.186783
v -0.463758 0.060959 0.186783
v -0.463758 0.086680 0.204093
v -0.463758 0.060959 0.204093
v -0.478624 0.086680 0.181696
v -0.478624 0.086680 0.199006
v -0.478624 0.060959 0.181696
v -0.478624 0.060959 0.199006
v -0.485479 0.072224 0.209684
v -0.480956 0.072224 0.176666
v -0.485479 1.228235 0.181629
v -0.490002 0.072224 0.176666
v -0.485479 1.163207 0.214847
v -0.494778 1.163207 0.181629
v -0.485479 0.233578 0.214847
v -0.494778 0.233578 0.181629
v 0.684345 0.084292 0.186783
v 0.681715 0.086680 0.186783
v 0.684145 0.085206 0.186783
v 0.683575 0.085981 0.186783
v 0.682721 0.086498 0.186783
v 0.681715 0.060959 0.186783
v 0.684345 0.063346 0.186783
v 0.682721 0.061140 0.186783
v 0.683575 0.061658 0.186783
v 0.684145 0.062433 0.186783
v 0.666651 0.084292 0.215555
v 0.662352 0.084292 0.216986
v 0.665577 0.086680 0.214330
v 0.665738 0.084292 0.216103
v 0.664600 0.084292 0.216567
v 0.666548 0.085206 0.215478
v 0.665613 0.085174 0.215976
v 0.664738 0.085151 0.216405
v 0.664878 0.085666 0.216175
v 0.663039 0.085206 0.216784
v 0.663894 0.085981 0.216208
v 0.663411 0.084292 0.216877
v 0.663912 0.085174 0.216605
v 0.664432 0.085880 0.216243
v 0.665967 0.086498 0.214815
v 0.666308 0.085981 0.215218
v 0.664785 0.086498 0.215347
v 0.665154 0.086234 0.215602
v 0.665483 0.085880 0.215815
v 0.665577 0.060959 0.214330
v 0.662352 0.063346 0.216986
v 0.666651 0.063346 0.215555
v 0.664785 0.061140 0.215347
v 0.663894 0.061658 0.216208
v 0.665967 0.061140 0.214815
v 0.665154 0.061405 0.215602
v 0.664432 0.061759 0.216243
v 0.664878 0.061973 0.216175
v 0.663411 0.063346 0.216877
v 0.664600 0.063346 0.216567
v 0.663039 0.062433 0.216784
v 0.663912 0.062465 0.216605
v 0.664738 0.062487 0.216405
v 0.666548 0.062433 0.215478
v 0.666308 0.061658 0.215218
v 0.665738 0.063346 0.216103
v 0.665613 0.062465 0.215976
v 0.665483 0.061759 0.215815
v -0.463758 0.084292 0.216986
v -0.463758 0.086680 0.214320
v -0.463758 0.085206 0.216783
v -0.463758 0.085981 0.216205
v -0.463758 0.086498 0.215340
v -0.463758 0.060959 0.214320
v -0.463758 0.063346 0.216986
v -0.463758 0.061140 0.215340
v -0.463758 0.061658 0.216205
v -0.463758 0.062433 0.216783
v 0.679302 0.086680 0.204093
v 0.682287 0.084292 0.201727
v 0.680049 0.084292 0.205524
v 0.680392 0.086498 0.203564
v 0.681342 0.085981 0.202929
v 0.679632 0.086498 0.204607
v 0.680528 0.086234 0.204031
v 0.681266 0.085880 0.203511
v 0.681103 0.085666 0.203950
v 0.682016 0.084292 0.202741
v 0.681496 0.084292 0.203819
v 0.682007 0.085206 0.202284
v 0.681686 0.085174 0.203125
v 0.681338 0.085151 0.203897
v 0.680036 0.085206 0.205382
v 0.679890 0.085981 0.205060
v 0.680805 0.084292 0.204796
v 0.680735 0.085174 0.204626
v 0.680638 0.085880 0.204438
v 0.679302 0.060959 0.204093
v 0.680049 0.063346 0.205524
v 0.682287 0.063346 0.201727
v 0.679632 0.061140 0.204607
v 0.679890 0.061658 0.205060
v 0.680392 0.061140 0.203564
v 0.680528 0.061405 0.204031
v 0.680638 0.061759 0.204438
v 0.681103 0.061973 0.203950
v 0.680805 0.063346 0.204796
v 0.681496 0.063346 0.203819
v 0.680036 0.062433 0.205382
v 0.680735 0.062465 0.204626
v 0.681338 0.062487 0.203897
v 0.682007 0.062433 0.202284
v 0.681342 0.061658 0.202929
v 0.682016 0.063346 0.202741
v 0.681686 0.062465 0.203125
v 0.681266 0.061759 0.203511
v -0.491102 0.086680 0.166752
v -0.493490 0.084292 0.163893
v -0.492016 0.086498 0.165658
v -0.492791 0.085981 0.164730
v -0.493309 0.085206 0.164110
v -0.493490 0.063346 0.163893
v -0.491102 0.060959 0.166752
v -0.493309 0.062433 0.164110
v -0.492791 0.061658 0.164730
v -0.492016 0.061140 0.165658
v -0.491960 0.084292 0.195928
v -0.493490 0.084292 0.191708
v -0.491102 0.086680 0.194219
v -0.492545 0.084292 0.195045
v -0.493042 0.084292 0.193933
v -0.491992 0.085206 0.195682
v -0.492489 0.085174 0.194817
v -0.492916 0.085151 0.193997
v -0.492722 0.085666 0.194050
v -0.493309 0.085206 0.192284
v -0.492791 0.085981 0.192963
v -0.493374 0.084292 0.192761
v -0.493124 0.085174 0.193168
v -0.492803 0.085880 0.193575
v -0.491528 0.086498 0.194757
v -0.491840 0.085981 0.195270
v -0.492016 0.086498 0.193643
v -0.492226 0.086234 0.194137
v -0.492390 0.085880 0.194580
v -0.491960 0.063346 0.195928
v -0.491102 0.060959 0.194219
v -0.493490 0.063346 0.191708
v -0.491992 0.062433 0.195682
v -0.491840 0.061658 0.195270
v -0.492545 0.063346 0.195045
v -0.492489 0.062465 0.194817
v -0.492390 0.061759 0.194580
v -0.492722 0.061973 0.194050
v -0.492016 0.061140 0.193643
v -0.492791 0.061658 0.192963
v -0.491528 0.061140 0.194757
v -0.492226 0.061404 0.194137
v -0.492803 0.061759 0.193575
v -0.493374 0.063346 0.192761
v -0.493042 0.063346 0.193933
v -0.493309 0.062433 0.192284
v -0.493124 0.062465 0.193168
v -0.492916 0.062487 0.193997
v -0.491102 0.086680 0.184062
v -0.493490 0.084292 0.181202
v -0.492016 0.086498 0.182967
v -0.492791 0.085981 0.182039
v -0.493309 0.085206 0.181419
v -0.493490 0.063346 0.181202
v -0.491102 0.060959 0.184062
v -0.493309 0.062433 0.181419
v -0.492791 0.061658 0.182039
v -0.492016 0.061140 0.182967
v -0.478624 0.060959 0.209203
v -0.480155 0.063346 0.210066
v -0.476365 0.063346 0.212672
v -0.479169 0.061140 0.209582
v -0.479651 0.061658 0.209880
v -0.478201 0.061140 0.210379
v -0.478636 0.061404 0.210531
v -0.479027 0.061759 0.210647
v -0.478550 0.061973 0.211143
v -0.479397 0.063346 0.210827
v -0.478410 0.063346 0.211589
v -0.479997 0.062433 0.210050
v -0.479217 0.062465 0.210757
v -0.478486 0.062487 0.211395
v -0.476978 0.062433 0.212257
v -0.477623 0.061658 0.211452
v -0.477346 0.063346 0.212237
v -0.477752 0.062465 0.211824
v -0.478142 0.061759 0.211329
v -0.476365 0.084292 0.212672
v -0.480155 0.084292 0.210066
v -0.478624 0.086680 0.209203
v -0.477346 0.084292 0.212237
v -0.478410 0.084292 0.211589
v -0.476978 0.085206 0.212257
v -0.477752 0.085174 0.211824
v -0.478486 0.085151 0.211395
v -0.478550 0.085666 0.211143
v -0.479997 0.085206 0.210050
v -0.479651 0.085981 0.209880
v -0.479397 0.084292 0.210827
v -0.479217 0.085174 0.210757
v -0.479027 0.085880 0.210647
v -0.478201 0.086498 0.210379
v -0.477623 0.085981 0.211452
v -0.479169 0.086498 0.209582
v -0.478636 0.086234 0.210531
v -0.478142 0.085880 0.211329
v -0.478568 0.104519 0.214847
v -0.478499 0.102131 0.212341
v -0.476180 0.104519 0.212459
v -0.478553 0.103605 0.214657
v -0.478534 0.102830 0.214113
v -0.477654 0.104519 0.214665
v -0.477676 0.103637 0.214390
v -0.477687 0.102931 0.214019
v -0.477180 0.103146 0.213807
v -0.477612 0.102313 0.212367
v -0.476859 0.102830 0.212399
v -0.478516 0.102313 0.213300
v -0.477655 0.102577 0.213285
v -0.476965 0.102931 0.213280
v -0.476362 0.104519 0.213373
v -0.476880 0.104519 0.214148
v -0.476357 0.103605 0.212432
v -0.476620 0.103637 0.213321
v -0.476974 0.103660 0.214035
v -0.492459 0.102131 0.212341
v -0.492390 0.104519 0.214847
v -0.494778 0.104519 0.212459
v -0.492443 0.102313 0.213300
v -0.492424 0.102830 0.214113
v -0.493347 0.102313 0.212367
v -0.493304 0.102577 0.213285
v -0.493271 0.102931 0.214019
v -0.493778 0.103145 0.213807
v -0.493304 0.104519 0.214665
v -0.494079 0.104519 0.214148
v -0.492406 0.103605 0.214657
v -0.493283 0.103637 0.214390
v -0.493985 0.103660 0.214035
v -0.494602 0.103605 0.212432
v -0.494099 0.102830 0.212399
v -0.494596 0.104519 0.213373
v -0.494339 0.103637 0.213321
v -0.493994 0.102931 0.213280
v -0.478568 1.228235 0.212459
v -0.478568 1.225847 0.214847
v -0.476181 1.225847 0.212459
v -0.478568 1.228054 0.213373
v -0.478568 1.227536 0.214148
v -0.477654 1.228054 0.212459
v -0.477632 1.227834 0.213396
v -0.477679 1.227414 0.214027
v -0.477190 1.227226 0.213838
v -0.477654 1.225847 0.214666
v -0.476880 1.225847 0.214148
v -0.478568 1.226761 0.214666
v -0.477632 1.226784 0.214446
v -0.477001 1.226737 0.214027
v -0.476362 1.226761 0.212459
v -0.476880 1.227536 0.212459
v -0.476362 1.225847 0.213373
v -0.476582 1.226784 0.213396
v -0.477001 1.227414 0.213349
v -0.494778 1.225847 0.212459
v -0.492390 1.225847 0.214847
v -0.492390 1.228235 0.212459
v -0.494596 1.225847 0.213373
v -0.494079 1.225847 0.214148
v -0.494596 1.226761 0.212459
v -0.494377 1.226784 0.213396
v -0.493957 1.226737 0.214027
v -0.493769 1.227226 0.213838
v -0.492390 1.226761 0.214666
v -0.492390 1.227536 0.214148
v -0.493304 1.225847 0.214666
v -0.493327 1.226784 0.214446
v -0.493280 1.227414 0.214027
v -0.493304 1.228054 0.212459
v -0.494079 1.227536 0.212459
v -0.492390 1.228054 0.213373
v -0.493327 1.227834 0.213396
v -0.493957 1.227414 0.213349
v -0.480956 0.072224 0.207296
v -0.483344 0.072224 0.209684
v -0.481138 0.072224 0.208210
v -0.481656 0.072224 0.208985
v -0.482430 0.072224 0.209503
v -0.485479 0.104519 0.214847
v -0.485479 0.102131 0.212345
v -0.485479 0.103605 0.214657
v -0.485479 0.102830 0.214114
v -0.485479 0.102313 0.213303
v -0.485479 1.228235 0.212459
v -0.485479 1.225847 0.214847
v -0.485479 1.228054 0.213373
v -0.485479 1.227536 0.214148
v -0.485479 1.226761 0.214665
v -0.483344 0.099743 0.209684
v -0.480956 0.099743 0.207296
v -0.478637 0.102131 0.212191
v -0.482430 0.099743 0.209503
v -0.481656 0.099743 0.208985
v -0.482299 0.100657 0.209875
v -0.481714 0.100625 0.209695
v -0.481284 0.100602 0.209383
v -0.480981 0.101116 0.209716
v -0.480780 0.100657 0.208441
v -0.480277 0.101432 0.209774
v -0.481138 0.099743 0.208210
v -0.480963 0.100625 0.208983
v -0.480660 0.101331 0.209737
v -0.479752 0.101949 0.211232
v -0.481038 0.101432 0.210419
v -0.479525 0.101949 0.211090
v -0.480274 0.101685 0.210481
v -0.481002 0.101331 0.210031
v -0.490002 0.099743 0.207296
v -0.487614 0.099743 0.209684
v -0.492321 0.102131 0.212191
v -0.489820 0.099743 0.208210
v -0.489303 0.099743 0.208985
v -0.490179 0.100657 0.208441
v -0.489996 0.100625 0.208983
v -0.489675 0.100602 0.209383
v -0.489978 0.101116 0.209716
v -0.488659 0.100657 0.209875
v -0.489920 0.101432 0.210419
v -0.488528 0.099743 0.209503
v -0.489245 0.100625 0.209695
v -0.489956 0.101331 0.210031
v -0.491434 0.101949 0.211090
v -0.490681 0.101432 0.209774
v -0.491207 0.101949 0.211232
v -0.490685 0.101685 0.210481
v -0.490298 0.101331 0.209737
v -0.485479 0.102131 0.212187
v -0.485479 0.099743 0.209684
v -0.485479 0.101949 0.211229
v -0.485479 0.101432 0.210417
v -0.485479 0.100657 0.209875
v -0.487614 0.072224 0.209684
v -0.490002 0.072224 0.207296
v -0.488528 0.072224 0.209503
v -0.489303 0.072224 0.208985
v -0.489820 0.072224 0.208210
v -0.476180 0.104519 0.181629
v -0.478506 0.102131 0.179212
v -0.476357 0.103605 0.181445
v -0.476862 0.102830 0.180921
v -0.477616 0.102313 0.180137
v -0.494778 0.104519 0.181629
v -0.492452 0.102131 0.179212
v -0.494601 0.103605 0.181445
v -0.494097 0.102830 0.180921
v -0.493342 0.102313 0.180137
v -0.478568 1.228235 0.181629
v -0.476181 1.225847 0.181629
v -0.477655 1.228054 0.181629
v -0.476880 1.227536 0.181629
v -0.476362 1.226761 0.181629
v -0.492390 1.228235 0.181629
v -0.494778 1.225847 0.181629
v -0.493304 1.228054 0.181629
v -0.494079 1.227536 0.181629
v -0.494596 1.226761 0.181629
v -0.478630 0.102131 0.179083
v -0.480956 0.099743 0.176666
v -0.479520 0.101949 0.178158
v -0.480275 0.101432 0.177374
v -0.480779 0.100657 0.176850
v -0.492328 0.102131 0.179083
v -0.490002 0.099743 0.176666
v -0.491438 0.101949 0.178158
v -0.490683 0.101432 0.177374
v -0.490179 0.100657 0.176850
v -0.478568 1.163207 0.214847
v -0.476181 1.163207 0.212459
v -0.477654 1.163207 0.214665
v -0.476880 1.163207 0.214148
v -0.476362 1.163207 0.213373
v -0.494778 1.163207 0.212459
v -0.492390 1.163207 0.214847
v -0.494596 1.163207 0.213373
v -0.494079 1.163207 0.214148
v -0.493304 1.163207 0.214665
v -0.477707 1.158625 0.179793
v -0.477793 1.161445 0.176615
v -0.476181 1.165595 0.184017
v -0.478017 1.159402 0.179187
v -0.478142 1.160211 0.178370
v -0.477123 1.160224 0.180677
v -0.477288 1.160905 0.180233
v -0.477381 1.161427 0.179675
v -0.476929 1.162206 0.180500
v -0.477176 1.162301 0.178313
v -0.476653 1.163390 0.180316
v -0.478063 1.160928 0.177467
v -0.477314 1.161919 0.179079
v -0.476745 1.162824 0.180529
v -0.476297 1.163996 0.182963
v -0.476628 1.162110 0.181791
v -0.476303 1.164547 0.182319
v -0.476474 1.163417 0.181762
v -0.476733 1.162261 0.181177
v -0.492390 0.233578 0.214847
v -0.494778 0.233578 0.212459
v -0.493304 0.233578 0.214665
v -0.494079 0.233578 0.214148
v -0.494596 0.233578 0.213373
v -0.478568 0.233578 0.214847
v -0.476180 0.233578 0.212459
v -0.477654 0.233578 0.214665
v -0.476880 0.233578 0.214148
v -0.476362 0.233578 0.213373
v -0.477707 0.238159 0.179793
v -0.476180 0.231190 0.184017
v -0.477793 0.235339 0.176615
v -0.477123 0.236560 0.180677
v -0.476627 0.234674 0.181791
v -0.478016 0.237382 0.179187
v -0.477288 0.235879 0.180233
v -0.476733 0.234523 0.181177
v -0.476929 0.234579 0.180500
v -0.476303 0.232238 0.182319
v -0.476653 0.233394 0.180316
v -0.476297 0.232789 0.182963
v -0.476473 0.233368 0.181762
v -0.476745 0.233960 0.180529
v -0.478063 0.235856 0.177467
v -0.478141 0.236574 0.178370
v -0.477176 0.234483 0.178313
v -0.477314 0.234865 0.179079
v -0.477381 0.235357 0.179675
v -0.482129 0.242990 0.174476
v -0.482043 0.239984 0.171503
v -0.483656 0.244133 0.170252
v -0.482399 0.242170 0.173917
v -0.482478 0.241311 0.173156
v -0.482713 0.243252 0.173592
v -0.482809 0.242457 0.173148
v -0.482847 0.241756 0.172686
v -0.483070 0.242160 0.172267
v -0.482660 0.240840 0.171216
v -0.483184 0.241929 0.170878
v -0.482353 0.240543 0.172308
v -0.482783 0.241287 0.171995
v -0.483157 0.242025 0.171692
v -0.483539 0.243871 0.171306
v -0.483209 0.243561 0.172479
v -0.483533 0.243085 0.170539
v -0.483363 0.242901 0.171509
v -0.483168 0.242736 0.172390
v -0.482129 1.153794 0.174476
v -0.483656 1.152651 0.170252
v -0.482044 1.156800 0.171503
v -0.482713 1.153532 0.173592
v -0.483209 1.153223 0.172479
v -0.482399 1.154614 0.173917
v -0.482809 1.154327 0.173148
v -0.483168 1.154048 0.172390
v -0.483070 1.154624 0.172267
v -0.483533 1.153699 0.170539
v -0.483184 1.154855 0.170878
v -0.483540 1.152913 0.171306
v -0.483363 1.153883 0.171509
v -0.483157 1.154759 0.171692
v -0.482353 1.156240 0.172308
v -0.482478 1.155473 0.173156
v -0.482661 1.155944 0.171216
v -0.482783 1.155497 0.171995
v -0.482847 1.155028 0.172685
v 0.260456 0.060959 -1.499331
v 0.259948 0.061140 -1.500349
v 0.259376 0.061658 -1.501212
v 0.258828 0.062433 -1.501788
v 0.258388 0.063346 -1.501991
v 0.260456 0.086680 -1.499331
v 0.259948 0.086498 -1.500349
v 0.259376 0.085981 -1.501212
v 0.258828 0.085206 -1.501788
v 0.258387 0.084292 -1.501991
v 0.270805 0.086680 -1.471788
v 0.269257 0.086680 -1.489097
v 0.270805 0.060959 -1.471788
v 0.269257 0.060959 -1.489097
v 0.260456 0.060959 0.214327
v 0.259948 0.061140 0.215344
v 0.259376 0.061658 0.216207
v 0.258828 0.062433 0.216784
v 0.258387 0.063346 0.216986
v 0.260456 0.086680 0.214327
v 0.259948 0.086498 0.215344
v 0.259376 0.085981 0.216207
v 0.258828 0.085206 0.216784
v 0.258387 0.084292 0.216986
v 0.270804 0.086680 0.186783
v 0.269257 0.086680 0.204093
v 0.270804 0.060959 0.186783
v 0.269257 0.060959 0.204093
v 0.594174 0.061140 -1.500351
v 0.593339 0.061658 -1.501212
v 0.592538 0.062433 -1.501788
v 0.591893 0.063346 -1.501991
v 0.594917 0.086680 -1.499334
v 0.607783 0.060959 -1.489097
v 0.594174 0.061140 0.215346
v 0.593338 0.061658 0.216208
v 0.592537 0.062433 0.216784
v 0.591893 0.063346 0.216986
v 0.594917 0.086680 0.214330
v 0.607783 0.060959 0.204093
v 0.594917 0.060959 -1.499334
v 0.594174 0.086498 -1.500351
v 0.593339 0.085981 -1.501212
v 0.592538 0.085206 -1.501788
v 0.591893 0.084292 -1.501991
v 0.610045 0.086680 -1.471788
v 0.607783 0.086680 -1.489097
v 0.610045 0.060959 -1.471788
v 0.594917 0.060959 0.214330
v 0.594174 0.086498 0.215346
v 0.593338 0.085981 0.216208
v 0.592537 0.085206 0.216784
v 0.591893 0.084292 0.216986
v 0.610044 0.086680 0.186783
v 0.607783 0.086680 0.204093
v 0.610044 0.060959 0.186783
v -0.430556 0.060959 -1.499324
v -0.430579 0.086498 -1.500345
v -0.430605 0.085981 -1.501210
v -0.430631 0.085206 -1.501788
v -0.430651 0.084292 -1.501991
v -0.430081 0.086680 -1.471788
v -0.430152 0.086680 -1.489097
v -0.430081 0.060959 -1.471788
v -0.430556 0.060959 0.214320
v -0.430579 0.086498 0.215340
v -0.430606 0.085981 0.216205
v -0.430631 0.085206 0.216783
v -0.430651 0.084292 0.216986
v -0.430082 0.086680 0.186783
v -0.430153 0.086680 0.204093
v -0.430082 0.060959 0.186783
v -0.430579 0.061140 -1.500345
v -0.430605 0.061658 -1.501210
v -0.430631 0.062433 -1.501788
v -0.430651 0.063346 -1.501991
v -0.430556 0.086680 -1.499324
v -0.430152 0.060959 -1.489097
v -0.430579 0.061140 0.215340
v -0.430606 0.061658 0.216205
v -0.430631 0.062433 0.216783
v -0.430651 0.063346 0.216986
v -0.430556 0.086680 0.214320
v -0.430153 0.060959 0.204093
v -0.463757 0.086680 -1.325401
v -0.463757 0.060959 -1.325401
v -0.478624 0.086680 -1.321212
v -0.478624 0.060959 -1.321212
v 0.681715 0.060959 -1.325401
v 0.682722 0.061140 -1.325401
v 0.683575 0.061658 -1.325401
v 0.684145 0.062433 -1.325401
v 0.684345 0.063346 -1.325401
v 0.681715 0.086680 -1.325401
v 0.682722 0.086498 -1.325401
v 0.683575 0.085981 -1.325401
v 0.684145 0.085206 -1.325401
v 0.684345 0.084292 -1.325401
v -0.491102 0.086680 -1.308906
v -0.492016 0.086498 -1.308005
v -0.492791 0.085981 -1.307241
v -0.493308 0.085206 -1.306730
v -0.493490 0.084292 -1.306551
v -0.491102 0.060959 -1.308906
v -0.492016 0.061140 -1.308005
v -0.492791 0.061658 -1.307241
v -0.493308 0.062433 -1.306730
v -0.493490 0.063346 -1.306551
v 0.270805 0.060959 -1.325401
v 0.270805 0.086680 -1.325401
v 0.610045 0.086680 -1.325401
v 0.610045 0.060959 -1.325401
v -0.430082 0.086680 -1.325401
v -0.430082 0.060959 -1.325401
v -0.463758 0.086680 0.042262
v -0.478624 0.060959 0.038062
v 0.681715 0.060959 0.042262
v 0.682721 0.086498 0.042262
v 0.683575 0.085981 0.042262
v 0.684145 0.085206 0.042262
v 0.684345 0.084292 0.042262
v -0.491102 0.086680 0.025722
v -0.492016 0.061140 0.024818
v -0.492791 0.061658 0.024052
v -0.493309 0.062433 0.023540
v -0.493490 0.063346 0.023361
v 0.270804 0.060959 0.042262
v 0.270804 0.086680 0.042262
v 0.610044 0.086680 0.042262
v 0.610044 0.060959 0.042262
v -0.430082 0.086680 0.042262
v -0.463758 0.060959 0.042262
v -0.478624 0.086680 0.038062
v 0.682721 0.061140 0.042262
v 0.683575 0.061658 0.042262
v 0.684145 0.062433 0.042262
v 0.684345 0.063346 0.042262
v 0.681715 0.086680 0.042262
v -0.492016 0.086498 0.024818
v -0.492791 0.085981 0.024052
v -0.493309 0.085206 0.023540
v -0.493490 0.084292 0.023361
v -0.491102 0.060959 0.025722
v -0.430082 0.060959 0.042262
v -0.474592 0.086680 0.002320
v -0.474592 0.086680 -1.289666
v -0.462100 0.086680 -1.293648
v -0.433804 0.086680 -1.293648
v -0.485077 0.086680 -1.277969
v -0.462101 0.086680 0.006313
v -0.485078 0.086680 -0.009409
v -0.433804 0.086680 0.006313
v -0.432453 0.076012 -1.293648
v -0.458507 0.076012 -1.293648
v -0.458507 0.076012 0.006313
v -0.432454 0.076012 0.006313
vn -0.0000 -1.0000 -0.0000
vn -0.0000 1.0000 -0.0000
vn -1.0000 -0.0000 -0.0000
vn 0.4475 0.0791 -0.8908
vn 0.5319 0.2684 -0.8031
vn 0.5570 0.0661 -0.8279
vn 0.3236 0.2189 -0.9205
vn 0.4375 0.2319 -0.8688
vn 0.3768 0.5128 -0.7714
vn 0.4628 0.5746 -0.6750
vn 0.3582 0.4075 -0.8400
vn 0.0822 0.3752 -0.9233
vn 0.1794 0.0787 -0.9806
vn 0.0407 0.0974 -0.9944
vn 0.0488 0.6945 -0.7178
vn 0.2045 0.2814 -0.9376
vn 0.3092 0.0667 -0.9486
vn 0.1904 0.5700 -0.7993
vn 0.2730 0.8599 -0.4313
vn 0.0874 0.9104 -0.4043
vn 0.0667 0.9883 -0.1374
vn 0.2540 0.7411 -0.6215
vn 0.0874 -0.9104 -0.4043
vn 0.2729 -0.8599 -0.4313
vn 0.0667 -0.9883 -0.1374
vn 0.1904 -0.5700 -0.7993
vn 0.2540 -0.7411 -0.6215
vn 0.4628 -0.5746 -0.6750
vn 0.3582 -0.4075 -0.8400
vn 0.3768 -0.5128 -0.7714
vn 0.1794 -0.0787 -0.9806
vn 0.0822 -0.3752 -0.9233
vn 0.0407 -0.0974 -0.9944
vn 0.3092 -0.0667 -0.9486
vn 0.2045 -0.2813 -0.9376
vn 0.0488 -0.6945 -0.7179
vn 0.3236 -0.2189 -0.9205
vn 0.5319 -0.2684 -0.8031
vn 0.4475 -0.0791 -0.8908
vn 0.5570 -0.0661 -0.8279
vn 0.4375 -0.2320 -0.8688
vn 0.3897 0.9072 -0.1584
vn 0.3560 0.8536 -0.3802
vn 0.1257 0.9870 -0.1004
vn 0.7532 0.5650 -0.3368
vn 0.5556 0.7393 -0.3803
vn 0.6578 0.4972 -0.5657
vn 0.5482 0.5529 -0.6275
vn 0.7450 0.4116 -0.5249
vn 0.9342 0.0778 -0.3481
vn 0.9021 0.3722 -0.2185
vn 0.9780 0.0952 -0.1857
vn 0.8637 0.0603 -0.5004
vn 0.8890 0.2755 -0.3658
vn 0.7072 0.6875 -0.1649
vn 0.8337 0.2123 -0.5097
vn 0.6400 0.2721 -0.7186
vn 0.7546 0.0746 -0.6519
vn 0.6449 0.0633 -0.7616
vn 0.7257 0.2422 -0.6440
vn 0.3560 -0.8536 -0.3802
vn 0.3897 -0.9072 -0.1584
vn 0.1257 -0.9870 -0.1004
vn 0.6578 -0.4972 -0.5657
vn 0.5556 -0.7393 -0.3803
vn 0.7532 -0.5650 -0.3368
vn 0.7072 -0.6875 -0.1649
vn 0.7450 -0.4116 -0.5249
vn 0.7547 -0.0746 -0.6518
vn 0.6400 -0.2721 -0.7186
vn 0.6450 -0.0633 -0.7616
vn 0.8337 -0.2123 -0.5097
vn 0.7257 -0.2422 -0.6440
vn 0.5482 -0.5529 -0.6275
vn 0.9021 -0.3722 -0.2186
vn 0.9342 -0.0778 -0.3481
vn 0.9780 -0.0952 -0.1857
vn 0.8890 -0.2755 -0.3658
vn 0.8637 -0.0602 -0.5004
vn -0.8760 0.0783 -0.4759
vn -0.7820 0.2869 -0.5533
vn -0.7975 0.0669 -0.5996
vn -0.9378 0.0660 -0.3409
vn -0.8525 0.2352 -0.4668
vn -0.6610 0.5792 -0.4771
vn -0.8397 0.4076 -0.3588
vn -0.7571 0.5064 -0.4128
vn -0.9339 0.3475 -0.0842
vn -0.9783 0.0742 -0.1937
vn -0.9952 0.0869 -0.0451
vn -0.7480 0.6611 -0.0585
vn -0.9418 0.2611 -0.2115
vn -0.8116 0.5496 -0.1981
vn -0.9151 0.1967 -0.3520
vn -0.1632 0.9844 -0.0662
vn -0.5884 0.7676 -0.2541
vn -0.4150 0.9026 -0.1146
vn -0.4203 0.8746 -0.2416
vn -0.7820 -0.2869 -0.5533
vn -0.8760 -0.0783 -0.4759
vn -0.7975 -0.0670 -0.5996
vn -0.6610 -0.5792 -0.4771
vn -0.8526 -0.2352 -0.4667
vn -0.9378 -0.0661 -0.3408
vn -0.8397 -0.4076 -0.3588
vn -0.9151 -0.1968 -0.3520
vn -0.1632 -0.9844 -0.0662
vn -0.5884 -0.7676 -0.2541
vn -0.4203 -0.8746 -0.2416
vn -0.4150 -0.9026 -0.1146
vn -0.8116 -0.5496 -0.1983
vn -0.7571 -0.5064 -0.4127
vn -0.9782 -0.0742 -0.1938
vn -0.9339 -0.3475 -0.0842
vn -0.9952 -0.0869 -0.0452
vn -0.9418 -0.2612 -0.2116
vn -0.7480 -0.6611 -0.0586
vn -0.3550 -0.8724 -0.3360
vn -0.1974 -0.9112 -0.3615
vn -0.0932 -0.9896 -0.1093
vn -0.5989 -0.5828 -0.5493
vn -0.4021 -0.7486 -0.5272
vn -0.4099 -0.5699 -0.7121
vn -0.2700 -0.6874 -0.6742
vn -0.5676 -0.4105 -0.7137
vn -0.6597 -0.0813 -0.7472
vn -0.6927 -0.2926 -0.6592
vn -0.7378 -0.0692 -0.6714
vn -0.5627 -0.2225 -0.7962
vn -0.6511 -0.2545 -0.7151
vn -0.5785 -0.5090 -0.6374
vn -0.3699 -0.3662 -0.8538
vn -0.4648 -0.0788 -0.8819
vn -0.3550 -0.0945 -0.9301
vn -0.4718 -0.2811 -0.8357
vn -0.5608 -0.0705 -0.8250
vn -0.4648 0.0788 -0.8819
vn -0.3699 0.3662 -0.8538
vn -0.3550 0.0945 -0.9301
vn -0.5608 0.0705 -0.8249
vn -0.4718 0.2811 -0.8357
vn -0.2700 0.6874 -0.6742
vn -0.5627 0.2226 -0.7961
vn -0.4101 0.5699 -0.7121
vn -0.6927 0.2926 -0.6592
vn -0.6596 0.0813 -0.7472
vn -0.7378 0.0692 -0.6714
vn -0.5989 0.5828 -0.5493
vn -0.6510 0.2546 -0.7151
vn -0.5677 0.4104 -0.7136
vn -0.1974 0.9112 -0.3615
vn -0.3550 0.8724 -0.3360
vn -0.0932 0.9896 -0.1093
vn -0.4021 0.7486 -0.5272
vn -0.5784 0.5090 -0.6375
vn 0.3866 -0.1276 -0.9134
vn 0.1257 -0.3997 -0.9080
vn 0.0965 -0.1008 -0.9902
vn 0.3642 -0.3727 -0.8535
vn 0.1078 -0.7167 -0.6891
vn 0.7027 -0.1112 -0.7028
vn 0.5813 -0.5820 -0.5687
vn 0.3276 -0.6763 -0.6597
vn 0.1257 -0.9189 -0.3740
vn 0.3931 -0.9114 -0.1217
vn 0.0990 -0.9908 -0.0924
vn 0.3643 -0.8610 -0.3551
vn 0.7021 -0.7057 -0.0951
vn 0.6544 -0.6764 -0.3380
vn 0.9881 -0.1077 -0.1096
vn 0.8688 -0.3358 -0.3640
vn 0.9161 -0.1395 -0.3760
vn 0.9246 -0.3595 -0.1256
vn 0.6699 -0.3319 -0.6642
vn -0.3931 -0.9114 -0.1217
vn -0.1257 -0.9189 -0.3740
vn -0.0990 -0.9908 -0.0924
vn -0.3642 -0.8610 -0.3550
vn -0.1078 -0.7167 -0.6890
vn -0.7021 -0.7057 -0.0951
vn -0.5813 -0.5821 -0.5686
vn -0.3276 -0.6764 -0.6597
vn -0.1257 -0.3998 -0.9079
vn -0.3866 -0.1276 -0.9134
vn -0.0965 -0.1009 -0.9902
vn -0.3641 -0.3727 -0.8535
vn -0.7027 -0.1112 -0.7028
vn -0.6699 -0.3319 -0.6641
vn -0.9881 -0.1078 -0.1097
vn -0.8688 -0.3358 -0.3640
vn -0.9246 -0.3596 -0.1256
vn -0.6544 -0.6764 -0.3379
vn -0.9160 -0.1395 -0.3761
vn 0.3784 0.9205 -0.0973
vn 0.0973 0.9205 -0.3784
vn 0.0969 0.9906 -0.0969
vn 0.3704 0.8518 -0.3704
vn 0.0919 0.7041 -0.7042
vn 0.7042 0.7041 -0.0919
vn 0.5773 0.5774 -0.5773
vn 0.3265 0.6684 -0.6683
vn 0.0972 0.3783 -0.9206
vn 0.3783 0.0972 -0.9206
vn 0.0970 0.0970 -0.9905
vn 0.3703 0.3703 -0.8519
vn 0.7041 0.0919 -0.7041
vn 0.6684 0.3266 -0.6683
vn 0.9206 0.0972 -0.3782
vn 0.9206 0.3783 -0.0972
vn 0.9906 0.0969 -0.0969
vn 0.8519 0.3703 -0.3703
vn 0.6684 0.6683 -0.3265
vn -0.9205 0.3784 -0.0972
vn -0.9206 0.0972 -0.3783
vn -0.9905 0.0970 -0.0971
vn -0.8520 0.3703 -0.3702
vn -0.7041 0.0919 -0.7041
vn -0.7042 0.7041 -0.0919
vn -0.5773 0.5774 -0.5773
vn -0.6684 0.3265 -0.6683
vn -0.3783 0.0972 -0.9206
vn -0.0972 0.3783 -0.9206
vn -0.0970 0.0970 -0.9905
vn -0.3703 0.3703 -0.8519
vn -0.0919 0.7041 -0.7042
vn -0.3264 0.6684 -0.6683
vn -0.0973 0.9205 -0.3784
vn -0.3784 0.9205 -0.0973
vn -0.0969 0.9906 -0.0969
vn -0.3704 0.8519 -0.3704
vn -0.6684 0.6683 -0.3264
vn 0.1053 -0.5006 -0.8592
vn 0.3468 -0.2377 -0.9073
vn 0.0716 -0.1284 -0.9891
vn 0.3550 -0.6222 -0.6977
vn 0.5899 -0.5447 -0.5961
vn 0.1941 -0.8666 -0.4597
vn 0.4704 -0.7124 -0.5208
vn 0.5525 -0.6005 -0.5781
vn 0.9069 -0.2413 -0.3453
vn 0.8871 -0.4499 -0.1029
vn 0.9901 -0.1217 -0.0702
vn 0.6807 -0.6297 -0.3743
vn 0.2224 -0.8890 -0.4003
vn 0.6570 -0.7326 -0.1780
vn 0.2732 -0.8247 -0.4952
vn 0.1845 -0.9781 -0.0960
vn 0.0702 -0.9735 -0.2177
vn 0.0239 -0.9994 -0.0245
vn 0.1970 -0.9486 -0.2478
vn 0.4488 -0.8207 -0.3537
vn -0.8871 -0.4499 -0.1029
vn -0.9069 -0.2415 -0.3454
vn -0.9901 -0.1217 -0.0703
vn -0.6806 -0.6297 -0.3744
vn -0.5899 -0.5447 -0.5961
vn -0.2225 -0.8890 -0.4002
vn -0.6571 -0.7325 -0.1780
vn -0.4704 -0.7124 -0.5208
vn -0.5524 -0.6005 -0.5781
vn -0.3469 -0.2376 -0.9073
vn -0.1053 -0.5005 -0.8593
vn -0.0716 -0.1284 -0.9891
vn -0.3551 -0.6222 -0.6977
vn -0.1941 -0.8666 -0.4597
vn -0.4488 -0.8207 -0.3536
vn -0.0702 -0.9735 -0.2176
vn -0.1845 -0.9781 -0.0959
vn -0.0239 -0.9994 -0.0245
vn -0.1971 -0.9486 -0.2477
vn -0.2733 -0.8247 -0.4952
vn 0.8985 -0.0293 0.4381
vn 0.8684 -0.1661 0.4672
vn 0.8285 -0.0368 0.5588
vn 0.9203 -0.1356 0.3669
vn 0.8876 -0.3327 0.3185
vn 0.9650 -0.0704 0.2525
vn 0.9387 -0.2494 0.2381
vn 0.9243 -0.2757 0.2640
vn 0.8555 -0.4915 0.1625
vn 0.8849 -0.4647 0.0320
vn 0.8053 -0.5916 0.0387
vn 0.9148 -0.3819 0.1318
vn 0.9607 -0.2680 0.0716
vn 0.9574 -0.2222 0.1844
vn 0.9930 -0.1111 0.0409
vn 0.9936 -0.0391 0.1058
vn 0.9998 -0.0132 0.0134
vn 0.9864 -0.1161 0.1162
vn 0.9590 -0.1923 0.2084
vn 0.8684 0.1661 0.4673
vn 0.8985 0.0293 0.4381
vn 0.8285 0.0368 0.5588
vn 0.9203 0.1356 0.3669
vn 0.9650 0.0704 0.2525
vn 0.8876 0.3327 0.3185
vn 0.9387 0.2494 0.2381
vn 0.9590 0.1924 0.2083
vn 0.9936 0.0391 0.1059
vn 0.9930 0.1112 0.0409
vn 0.9998 0.0132 0.0134
vn 0.9864 0.1161 0.1162
vn 0.9607 0.2680 0.0716
vn 0.9574 0.2222 0.1844
vn 0.8848 0.4648 0.0320
vn 0.8555 0.4916 0.1624
vn 0.8053 0.5916 0.0386
vn 0.9147 0.3819 0.1319
vn 0.9242 0.2757 0.2641
vn 0.8827 0.0526 0.4671
vn 0.8597 0.1899 0.4743
vn 0.8102 0.0463 0.5843
vn 0.9042 0.1706 0.3917
vn 0.8656 0.3640 0.3439
vn 0.9446 0.0483 0.3246
vn 0.9352 0.2574 0.2431
vn 0.9004 0.3160 0.2991
vn 0.8447 0.5048 0.1780
vn 0.8658 0.4980 0.0485
vn 0.7840 0.6192 0.0425
vn 0.8948 0.4169 0.1602
vn 0.9371 0.3464 0.0437
vn 0.9424 0.3071 0.1329
vn 0.9794 0.1931 0.0582
vn 0.9815 0.0609 0.1814
vn 0.9977 0.0497 0.0464
vn 0.9719 0.1715 0.1610
vn 0.9468 0.1426 0.2886
vn 0.8597 -0.1898 0.4743
vn 0.8827 -0.0526 0.4671
vn 0.8102 -0.0463 0.5843
vn 0.9041 -0.1706 0.3917
vn 0.9446 -0.0482 0.3246
vn 0.8656 -0.3639 0.3439
vn 0.9352 -0.2575 0.2431
vn 0.9468 -0.1426 0.2886
vn 0.9815 -0.0609 0.1814
vn 0.9794 -0.1931 0.0582
vn 0.9977 -0.0497 0.0464
vn 0.9719 -0.1715 0.1609
vn 0.9371 -0.3464 0.0437
vn 0.9424 -0.3070 0.1328
vn 0.8658 -0.4980 0.0484
vn 0.8446 -0.5049 0.1779
vn 0.7841 -0.6192 0.0425
vn 0.8947 -0.4169 0.1601
vn 0.9004 -0.3159 0.2991
vn 0.3609 -0.9323 0.0254
vn 0.0892 -0.9960 -0.0000
vn 0.3541 -0.9352 -0.0000
vn 0.6786 -0.7330 0.0468
vn 0.6749 -0.7379 -0.0000
vn 0.9107 -0.4083 0.0621
vn 0.9110 -0.4124 -0.0000
vn -0.0182 -0.9951 -0.0972
vn -0.0000 -0.9367 -0.3502
vn -0.0000 -0.9961 -0.0880
vn -0.0647 -0.9286 -0.3654
vn -0.0000 -0.7422 -0.6702
vn -0.1144 -0.7279 -0.6761
vn -0.0000 -0.4167 -0.9090
vn -0.1484 -0.4047 -0.9023
vn -0.0000 -0.1091 -0.9940
vn -0.0000 0.9961 -0.0883
vn -0.0000 0.9363 -0.3513
vn -0.0000 0.7410 -0.6715
vn -0.0000 0.4156 -0.9096
vn -0.0000 0.1087 -0.9941
vn 0.9107 -0.4083 -0.0621
vn 0.6786 -0.7330 -0.0468
vn 0.3609 -0.9323 -0.0254
vn 0.0931 -0.9956 -0.0067
vn 0.9107 0.4083 -0.0621
vn 0.9920 0.1069 -0.0677
vn 0.6786 0.7330 -0.0468
vn 0.3609 0.9323 -0.0254
vn 0.0931 0.9956 -0.0067
vn 0.9110 0.4124 -0.0000
vn 0.9942 0.1076 -0.0000
vn -0.3827 0.9239 -0.0000
vn -0.0980 0.9952 -0.0000
vn -0.7071 0.7071 -0.0000
vn -0.9239 0.3826 -0.0000
vn -0.9952 0.0980 -0.0000
vn -0.0980 -0.9952 -0.0000
vn -0.3827 -0.9239 -0.0000
vn -0.7071 -0.7071 -0.0000
vn -0.9239 -0.3826 -0.0000
vn -0.9952 -0.0980 -0.0000
vn -0.0182 0.9951 -0.0972
vn -0.0647 0.9286 -0.3654
vn -0.1144 0.7279 -0.6761
vn -0.1484 0.4047 -0.9023
vn 0.1005 -0.9949 -0.0000
vn 0.3902 -0.9207 -0.0000
vn 0.1004 -0.9949 -0.0000
vn 0.3906 -0.9206 -0.0000
vn 0.7152 -0.6989 -0.0000
vn 0.7156 -0.6985 -0.0000
vn 0.9270 -0.3751 -0.0000
vn 0.9271 -0.3748 -0.0000
vn 0.9954 -0.0956 -0.0000
vn -0.3906 -0.9206 -0.0000
vn -0.1005 -0.9949 -0.0000
vn -0.7156 -0.6985 -0.0000
vn -0.9271 -0.3748 -0.0000
vn -0.9954 -0.0956 -0.0000
vn -0.0000 -0.9956 -0.0936
vn -0.0000 -0.9296 -0.3687
vn -0.0000 -0.7222 -0.6917
vn -0.0000 -0.3970 -0.9178
vn 0.9239 0.3827 -0.0000
vn 0.9952 0.0980 -0.0000
vn 0.7071 0.7071 -0.0000
vn 0.9239 0.3826 -0.0000
vn 0.3828 0.9238 -0.0000
vn 0.7072 0.7070 -0.0000
vn 0.0980 0.9952 -0.0000
vn 0.3827 0.9239 -0.0000
vn -0.9238 0.3828 -0.0000
vn -0.9952 0.0981 -0.0000
vn -0.7072 0.7070 -0.0000
vn -0.3828 0.9238 -0.0000
vn -0.0000 0.0981 -0.9952
vn -0.0000 0.3828 -0.9238
vn -0.0000 0.7071 -0.7071
vn -0.0000 0.9239 -0.3827
vn 0.9239 -0.0000 -0.3826
vn 0.9952 -0.0000 -0.0980
vn 0.7071 -0.0000 -0.7071
vn 0.3827 -0.0000 -0.9239
vn 0.0981 -0.0000 -0.9952
vn -0.9239 -0.0000 -0.3827
vn -0.9952 -0.0000 -0.0981
vn -0.7071 -0.0000 -0.7071
vn -0.3827 -0.0000 -0.9239
vn -0.0981 -0.0000 -0.9952
vn 0.9270 -0.3752 -0.0000
vn 0.9954 -0.0957 -0.0000
vn 0.9271 -0.3749 -0.0000
vn 0.7153 -0.6988 -0.0000
vn 0.3903 -0.9207 -0.0000
vn -0.9271 -0.3747 -0.0000
vn -0.9954 -0.0954 -0.0000
vn -0.7155 -0.6986 -0.0000
vn -0.3905 -0.9206 -0.0000
vn -0.6266 -0.7793 -0.0001
vn -0.0000 -0.1026 -0.9947
vn -0.0000 -0.7222 -0.6916
vn -0.3903 -0.9207 -0.0000
vn -0.1004 -0.9949 -0.0000
vn -0.7152 -0.6989 -0.0000
vn -0.9270 -0.3752 -0.0000
vn -0.9239 0.3827 -0.0000
vn 0.6267 -0.7792 -0.0001
vn -0.9270 -0.3751 -0.0000
vn -0.3902 -0.9207 -0.0000
vn 0.9983 -0.0583 -0.0000
vn 0.9791 -0.2035 -0.0000
vn 0.9321 -0.3621 -0.0000
vn 0.8597 -0.5109 -0.0000
vn 0.8597 0.5108 -0.0000
vn 0.7757 0.6311 -0.0000
vn 0.9321 0.3621 -0.0000
vn 0.9790 0.2036 -0.0000
vn 0.9983 0.0583 -0.0000
vn 0.7757 -0.6310 -0.0000
vn 0.8597 -0.5108 -0.0000
vn 0.9790 -0.2036 -0.0000
vn 0.7757 0.6310 -0.0000
vn 0.9920 -0.1069 -0.0677
vn -0.0000 -0.1087 -0.9941
vn -0.1614 -0.1065 -0.9811
vn -0.1614 0.1065 -0.9811
vn -0.0000 -0.0000 -1.0000
vn -0.0000 0.9952 -0.0980
vn 1.0000 -0.0000 -0.0000
vn 0.7758 -0.6310 -0.0000
vn 0.5319 0.2684 0.8031
vn 0.4475 0.0791 0.8908
vn 0.5570 0.0661 0.8279
vn 0.3236 0.2189 0.9205
vn 0.3092 0.0668 0.9486
vn 0.3768 0.5127 0.7714
vn 0.4375 0.2318 0.8688
vn 0.3582 0.4075 0.8400
vn 0.1794 0.0787 0.9806
vn 0.0822 0.3753 0.9233
vn 0.0407 0.0975 0.9944
vn 0.2045 0.2814 0.9376
vn 0.0488 0.6945 0.7178
vn 0.1904 0.5700 0.7993
vn 0.0874 0.9104 0.4044
vn 0.2729 0.8599 0.4313
vn 0.0667 0.9883 0.1374
vn 0.2540 0.7411 0.6215
vn 0.4628 0.5746 0.6750
vn 0.2730 -0.8599 0.4313
vn 0.0874 -0.9104 0.4043
vn 0.0667 -0.9883 0.1374
vn 0.1904 -0.5700 0.7993
vn 0.0488 -0.6945 0.7178
vn 0.4628 -0.5746 0.6750
vn 0.2540 -0.7411 0.6214
vn 0.3582 -0.4075 0.8400
vn 0.0822 -0.3753 0.9233
vn 0.1794 -0.0788 0.9806
vn 0.0407 -0.0974 0.9944
vn 0.2045 -0.2814 0.9376
vn 0.3092 -0.0668 0.9486
vn 0.3236 -0.2189 0.9205
vn 0.4475 -0.0791 0.8908
vn 0.5319 -0.2685 0.8031
vn 0.5570 -0.0661 0.8279
vn 0.3768 -0.5128 0.7714
vn 0.4375 -0.2319 0.8688
vn 0.3560 0.8536 0.3802
vn 0.3898 0.9072 0.1584
vn 0.1257 0.9870 0.1004
vn 0.7532 0.5650 0.3368
vn 0.7072 0.6875 0.1649
vn 0.6578 0.4972 0.5657
vn 0.5556 0.7393 0.3803
vn 0.7450 0.4117 0.5250
vn 0.9021 0.3722 0.2186
vn 0.9342 0.0778 0.3481
vn 0.9780 0.0952 0.1857
vn 0.8890 0.2755 0.3658
vn 0.8637 0.0602 0.5004
vn 0.8337 0.2124 0.5097
vn 0.7546 0.0746 0.6519
vn 0.6400 0.2721 0.7186
vn 0.6449 0.0633 0.7616
vn 0.7257 0.2422 0.6440
vn 0.5482 0.5529 0.6275
vn 0.3897 -0.9072 0.1584
vn 0.3560 -0.8536 0.3802
vn 0.1257 -0.9870 0.1004
vn 0.6578 -0.4972 0.5657
vn 0.5482 -0.5529 0.6275
vn 0.7532 -0.5650 0.3368
vn 0.5556 -0.7393 0.3803
vn 0.7450 -0.4116 0.5249
vn 0.6400 -0.2721 0.7186
vn 0.7547 -0.0746 0.6518
vn 0.6450 -0.0633 0.7616
vn 0.8337 -0.2124 0.5097
vn 0.8637 -0.0602 0.5004
vn 0.7257 -0.2422 0.6440
vn 0.9342 -0.0778 0.3481
vn 0.9021 -0.3722 0.2185
vn 0.9780 -0.0952 0.1857
vn 0.8890 -0.2755 0.3658
vn 0.7072 -0.6875 0.1649
vn -0.7820 0.2869 0.5533
vn -0.8760 0.0783 0.4759
vn -0.7975 0.0670 0.5996
vn -0.8525 0.2352 0.4668
vn -0.9378 0.0660 0.3409
vn -0.6610 0.5792 0.4771
vn -0.8397 0.4076 0.3588
vn -0.9151 0.1967 0.3520
vn -0.9783 0.0742 0.1937
vn -0.9339 0.3475 0.0842
vn -0.9952 0.0869 0.0451
vn -0.9419 0.2611 0.2115
vn -0.7480 0.6611 0.0585
vn -0.8115 0.5497 0.1981
vn -0.1632 0.9844 0.0662
vn -0.5884 0.7676 0.2541
vn -0.4203 0.8746 0.2416
vn -0.7571 0.5064 0.4128
vn -0.4150 0.9026 0.1146
vn -0.8760 -0.0783 0.4759
vn -0.7820 -0.2869 0.5533
vn -0.7975 -0.0670 0.5996
vn -0.8526 -0.2353 0.4667
vn -0.6610 -0.5792 0.4771
vn -0.9378 -0.0661 0.3408
vn -0.8397 -0.4076 0.3588
vn -0.7571 -0.5064 0.4127
vn -0.1632 -0.9844 0.0662
vn -0.5884 -0.7676 0.2541
vn -0.4150 -0.9026 0.1146
vn -0.8116 -0.5496 0.1983
vn -0.7480 -0.6611 0.0586
vn -0.4203 -0.8746 0.2416
vn -0.9339 -0.3475 0.0842
vn -0.9782 -0.0742 0.1938
vn -0.9952 -0.0869 0.0452
vn -0.9418 -0.2612 0.2115
vn -0.9151 -0.1968 0.3519
vn -0.1974 -0.9112 0.3615
vn -0.3550 -0.8724 0.3360
vn -0.0932 -0.9896 0.1093
vn -0.4021 -0.7486 0.5272
vn -0.5989 -0.5828 0.5493
vn -0.4099 -0.5700 0.7121
vn -0.5676 -0.4104 0.7137
vn -0.5785 -0.5091 0.6374
vn -0.6927 -0.2926 0.6592
vn -0.6596 -0.0813 0.7472
vn -0.7378 -0.0692 0.6714
vn -0.5627 -0.2225 0.7962
vn -0.5608 -0.0705 0.8250
vn -0.6511 -0.2546 0.7151
vn -0.4648 -0.0788 0.8819
vn -0.3699 -0.3662 0.8538
vn -0.3550 -0.0946 0.9301
vn -0.4718 -0.2811 0.8357
vn -0.2700 -0.6874 0.6742
vn -0.3699 0.3662 0.8538
vn -0.4648 0.0788 0.8819
vn -0.3550 0.0946 0.9301
vn -0.4718 0.2811 0.8357
vn -0.5608 0.0705 0.8249
vn -0.2700 0.6874 0.6742
vn -0.4101 0.5699 0.7121
vn -0.5627 0.2226 0.7961
vn -0.6597 0.0813 0.7472
vn -0.6927 0.2926 0.6592
vn -0.7378 0.0692 0.6714
vn -0.6510 0.2546 0.7151
vn -0.5989 0.5828 0.5493
vn -0.5677 0.4104 0.7136
vn -0.5784 0.5090 0.6375
vn -0.3550 0.8724 0.3360
vn -0.1974 0.9112 0.3615
vn -0.0932 0.9896 0.1093
vn -0.4021 0.7486 0.5272
vn 0.1257 -0.3997 0.9080
vn 0.3866 -0.1276 0.9134
vn 0.0965 -0.1008 0.9902
vn 0.1078 -0.7167 0.6891
vn 0.3642 -0.3727 0.8535
vn 0.7027 -0.1112 0.7028
vn 0.5813 -0.5820 0.5687
vn 0.6699 -0.3319 0.6641
vn 0.3930 -0.9115 0.1216
vn 0.1257 -0.9189 0.3740
vn 0.0990 -0.9908 0.0924
vn 0.7021 -0.7057 0.0951
vn 0.3643 -0.8610 0.3550
vn 0.3276 -0.6763 0.6597
vn 0.9881 -0.1077 0.1096
vn 0.8688 -0.3358 0.3640
vn 0.9246 -0.3595 0.1256
vn 0.9161 -0.1395 0.3760
vn 0.6544 -0.6764 0.3379
vn -0.1257 -0.9189 0.3740
vn -0.3931 -0.9114 0.1217
vn -0.0990 -0.9908 0.0924
vn -0.1078 -0.7166 0.6891
vn -0.3642 -0.8610 0.3550
vn -0.7021 -0.7057 0.0951
vn -0.5813 -0.5821 0.5686
vn -0.6544 -0.6764 0.3379
vn -0.3866 -0.1276 0.9134
vn -0.1257 -0.3997 0.9080
vn -0.0965 -0.1009 0.9902
vn -0.7027 -0.1112 0.7028
vn -0.3641 -0.3727 0.8535
vn -0.3276 -0.6763 0.6597
vn -0.9881 -0.1078 0.1097
vn -0.8688 -0.3358 0.3640
vn -0.9160 -0.1395 0.3761
vn -0.9246 -0.3596 0.1256
vn -0.6700 -0.3319 0.6641
vn 0.0973 0.9205 0.3784
vn 0.3784 0.9205 0.0973
vn 0.0969 0.9906 0.0969
vn 0.0919 0.7041 0.7042
vn 0.3704 0.8519 0.3704
vn 0.7042 0.7041 0.0919
vn 0.5773 0.5774 0.5773
vn 0.6684 0.6683 0.3266
vn 0.3783 0.0972 0.9206
vn 0.0972 0.3783 0.9206
vn 0.0970 0.0970 0.9905
vn 0.7041 0.0919 0.7041
vn 0.3703 0.3703 0.8519
vn 0.3265 0.6684 0.6683
vn 0.9206 0.3783 0.0972
vn 0.9206 0.0972 0.3782
vn 0.9906 0.0969 0.0969
vn 0.8519 0.3703 0.3702
vn 0.6684 0.3266 0.6683
vn -0.9206 0.0972 0.3783
vn -0.9205 0.3784 0.0972
vn -0.9905 0.0970 0.0971
vn -0.7042 0.0919 0.7041
vn -0.8520 0.3703 0.3702
vn -0.7042 0.7041 0.0919
vn -0.5774 0.5774 0.5773
vn -0.6684 0.6683 0.3264
vn -0.0972 0.3783 0.9206
vn -0.3783 0.0972 0.9206
vn -0.0970 0.0970 0.9905
vn -0.0919 0.7041 0.7042
vn -0.3703 0.3703 0.8519
vn -0.6684 0.3265 0.6683
vn -0.3784 0.9205 0.0973
vn -0.0973 0.9205 0.3784
vn -0.0969 0.9906 0.0969
vn -0.3704 0.8519 0.3703
vn -0.3265 0.6684 0.6683
vn 0.3468 -0.2377 0.9073
vn 0.1053 -0.5005 0.8593
vn 0.0716 -0.1284 0.9891
vn 0.5899 -0.5447 0.5961
vn 0.3550 -0.6222 0.6977
vn 0.1940 -0.8666 0.4597
vn 0.4703 -0.7124 0.5208
vn 0.4488 -0.8207 0.3537
vn 0.8871 -0.4499 0.1028
vn 0.9069 -0.2414 0.3454
vn 0.9901 -0.1217 0.0702
vn 0.2224 -0.8890 0.4003
vn 0.6806 -0.6297 0.3744
vn 0.6571 -0.7325 0.1780
vn 0.5524 -0.6005 0.5781
vn 0.0702 -0.9735 0.2177
vn 0.1845 -0.9781 0.0960
vn 0.0239 -0.9994 0.0245
vn 0.1970 -0.9486 0.2478
vn 0.2732 -0.8247 0.4952
vn -0.9069 -0.2414 0.3454
vn -0.8871 -0.4499 0.1028
vn -0.9901 -0.1217 0.0703
vn -0.5900 -0.5447 0.5961
vn -0.6806 -0.6298 0.3744
vn -0.2225 -0.8890 0.4002
vn -0.6570 -0.7326 0.1780
vn -0.4703 -0.7125 0.5207
vn -0.2733 -0.8247 0.4952
vn -0.1054 -0.5006 0.8592
vn -0.3469 -0.2377 0.9073
vn -0.0716 -0.1285 0.9891
vn -0.1941 -0.8666 0.4597
vn -0.3552 -0.6222 0.6976
vn -0.5524 -0.6005 0.5781
vn -0.1846 -0.9781 0.0959
vn -0.0702 -0.9735 0.2176
vn -0.0239 -0.9994 0.0245
vn -0.1971 -0.9486 0.2477
vn -0.4488 -0.8207 0.3536
vn 0.8684 -0.1661 -0.4673
vn 0.8985 -0.0293 -0.4381
vn 0.8285 -0.0368 -0.5588
vn 0.8876 -0.3326 -0.3186
vn 0.9203 -0.1356 -0.3669
vn 0.9650 -0.0704 -0.2525
vn 0.9387 -0.2494 -0.2381
vn 0.9589 -0.1923 -0.2084
vn 0.8849 -0.4648 -0.0320
vn 0.8555 -0.4916 -0.1625
vn 0.8053 -0.5916 -0.0386
vn 0.9607 -0.2680 -0.0716
vn 0.9147 -0.3819 -0.1318
vn 0.9243 -0.2757 -0.2641
vn 0.9936 -0.0391 -0.1058
vn 0.9930 -0.1111 -0.0409
vn 0.9998 -0.0132 -0.0134
vn 0.9864 -0.1161 -0.1163
vn 0.9574 -0.2222 -0.1844
vn 0.8985 0.0293 -0.4381
vn 0.8684 0.1661 -0.4673
vn 0.8285 0.0368 -0.5588
vn 0.9650 0.0704 -0.2525
vn 0.9203 0.1357 -0.3669
vn 0.8876 0.3327 -0.3186
vn 0.9387 0.2494 -0.2381
vn 0.9242 0.2758 -0.2641
vn 0.9930 0.1111 -0.0409
vn 0.9936 0.0391 -0.1058
vn 0.9998 0.0132 -0.0134
vn 0.9607 0.2680 -0.0716
vn 0.9864 0.1161 -0.1162
vn 0.9574 0.2222 -0.1844
vn 0.9590 0.1924 -0.2083
vn 0.8555 0.4917 -0.1625
vn 0.8848 0.4648 -0.0320
vn 0.8053 0.5917 -0.0386
vn 0.9147 0.3819 -0.1319
vn 0.8597 0.1898 -0.4743
vn 0.8827 0.0526 -0.4671
vn 0.8102 0.0463 -0.5843
vn 0.8656 0.3639 -0.3439
vn 0.9042 0.1705 -0.3917
vn 0.9446 0.0482 -0.3246
vn 0.9353 0.2574 -0.2430
vn 0.9468 0.1424 -0.2886
vn 0.8658 0.4981 -0.0484
vn 0.8446 0.5049 -0.1779
vn 0.7841 0.6192 -0.0425
vn 0.9371 0.3464 -0.0437
vn 0.8947 0.4169 -0.1601
vn 0.9004 0.3159 -0.2992
vn 0.9815 0.0609 -0.1814
vn 0.9794 0.1932 -0.0582
vn 0.9977 0.0497 -0.0464
vn 0.9719 0.1715 -0.1610
vn 0.9424 0.3070 -0.1327
vn 0.8827 -0.0526 -0.4671
vn 0.8597 -0.1898 -0.4743
vn 0.8102 -0.0463 -0.5843
vn 0.9446 -0.0482 -0.3246
vn 0.9041 -0.1706 -0.3917
vn 0.8656 -0.3639 -0.3439
vn 0.9353 -0.2574 -0.2430
vn 0.9004 -0.3160 -0.2992
vn 0.9794 -0.1931 -0.0582
vn 0.9815 -0.0609 -0.1814
vn 0.9977 -0.0497 -0.0464
vn 0.9371 -0.3464 -0.0437
vn 0.9719 -0.1715 -0.1609
vn 0.9424 -0.3070 -0.1327
vn 0.9468 -0.1424 -0.2886
vn 0.8447 -0.5049 -0.1779
vn 0.8658 -0.4980 -0.0484
vn 0.7841 -0.6191 -0.0425
vn 0.8947 -0.4169 -0.1601
vn -0.0000 -0.9367 0.3502
vn -0.0182 -0.9951 0.0972
vn -0.0000 -0.9961 0.0880
vn -0.0000 -0.7421 0.6702
vn -0.0647 -0.9286 0.3654
vn -0.0000 -0.4167 0.9091
vn -0.1144 -0.7280 0.6760
vn -0.0000 -0.1091 0.9940
vn -0.1484 -0.4048 0.9023
vn -0.0000 0.9961 0.0883
vn -0.0000 0.9363 0.3512
vn -0.0000 0.7410 0.6715
vn -0.0000 0.4155 0.9096
vn 0.9920 -0.1069 0.0677
vn 0.0931 -0.9956 0.0067
vn 0.9107 0.4083 0.0621
vn 0.9920 0.1069 0.0677
vn 0.6786 0.7330 0.0468
vn 0.3609 0.9323 0.0254
vn 0.0931 0.9956 0.0067
vn -0.1614 -0.1065 0.9811
vn -0.0182 0.9951 0.0972
vn -0.0647 0.9286 0.3654
vn -0.1144 0.7280 0.6760
vn -0.1484 0.4048 0.9023
vn 0.9271 -0.3747 -0.0000
vn 0.9954 -0.0954 -0.0000
vn -0.0000 -0.9956 0.0936
vn -0.0000 -0.9296 0.3687
vn -0.0000 -0.7223 0.6916
vn -0.0000 -0.3969 0.9179
vn -0.0000 -0.1025 0.9947
vn -0.0000 0.0981 0.9952
vn -0.0000 0.3828 0.9238
vn -0.0000 0.7071 0.7071
vn -0.0000 0.9239 0.3827
vn -0.0000 0.9952 0.0980
vn 0.9239 -0.0000 0.3826
vn 0.9952 -0.0000 0.0980
vn 0.7071 -0.0000 0.7071
vn 0.3827 -0.0000 0.9239
vn 0.0981 -0.0000 0.9952
vn -0.9239 -0.0000 0.3827
vn -0.9952 -0.0000 0.0981
vn -0.7071 -0.0000 0.7071
vn -0.3827 -0.0000 0.9239
vn -0.0981 -0.0000 0.9952
vn -0.6266 -0.7793 0.0001
vn -0.0000 -0.3970 0.9178
vn -0.0000 -0.1026 0.9947
vn -0.9238 -0.0000 0.3828
vn 0.9239 -0.0000 0.3827
vn 0.7071 -0.0000 0.7072
vn 0.7070 -0.0000 0.7072
vn 0.6267 -0.7792 0.0001
vn -0.0000 -0.1087 0.9941
vn -0.0000 0.1087 0.9941
vn -0.1614 0.1065 0.9811
vn -0.0000 -0.0000 1.0000
vn -0.0000 -0.9961 0.0883
vn -0.0000 0.9961 0.0882
vn -0.0000 0.1088 0.9941
vn -0.0000 0.1091 0.9940
vn -0.0000 0.4167 0.9090
vn -0.0000 0.4159 0.9094
vn -0.0000 0.7421 0.6702
vn -0.0000 0.7413 0.6711
vn -0.0000 0.9367 0.3502
vn -0.0000 0.9364 0.3509
vn -0.0000 0.9961 0.0880
vn -0.0000 -0.4160 0.9094
vn -0.0000 -0.4155 0.9096
vn -0.0000 -0.7413 0.6711
vn -0.0000 -0.7410 0.6715
vn -0.0000 -0.9364 0.3509
vn -0.0000 -0.9363 0.3512
vn -0.0000 -0.9961 0.0882
vn -0.0000 -0.9961 -0.0883
vn -0.0000 0.9961 -0.0882
vn -0.0000 0.9961 -0.0880
vn -0.0000 0.1088 -0.9941
vn -0.0000 -0.1088 -0.9941
vn -0.0000 0.4167 -0.9090
vn -0.0000 0.1091 -0.9940
vn -0.0000 0.7422 -0.6702
vn -0.0000 0.4159 -0.9094
vn -0.0000 0.9367 -0.3502
vn -0.0000 0.7413 -0.6711
vn -0.0000 0.9364 -0.3509
vn -0.0000 -0.4159 -0.9094
vn -0.0000 -0.4155 -0.9096
vn -0.0000 -0.7413 -0.6711
vn -0.0000 -0.7410 -0.6715
vn -0.0000 -0.9364 -0.3509
vn -0.0000 -0.9363 -0.3513
vn -0.0000 -0.9961 -0.0882
vn -0.0000 -0.1088 0.9941
vn 0.0892 0.9960 -0.0000
vn 0.9942 -0.1076 -0.0000
vn 0.6749 0.7379 -0.0000
vn 0.3541 0.9352 -0.0000
vn -0.9921 -0.1256 -0.0000
vn 0.9477 0.3192 -0.0000
vt 0.159948 0.179525
vt 0.158803 0.180917
vt 0.158327 0.179525
vt 0.850967 0.500504
vt 0.856178 0.506732
vt 0.848799 0.506732
vt 0.714359 0.073788
vt 0.617579 0.183281
vt 0.714645 0.183027
vt 0.756494 0.499286
vt 0.699602 0.481005
vt 0.756488 0.499273
vt 0.699768 0.480996
vt 0.699688 0.481000
vt 0.705497 0.333916
vt 0.705527 0.334157
vt 0.705435 0.333739
vt 0.699924 0.480998
vt 0.756509 0.499320
vt 0.756515 0.499335
vt 0.705527 0.333452
vt 0.699844 0.480997
vt 0.756501 0.499303
vt 0.705497 0.333609
vt 0.348011 0.000416
vt 0.348356 0.000261
vt 0.132635 0.262061
vt 0.347914 0.000299
vt 0.348249 0.000187
vt 0.348461 0.000000
vt 0.348617 0.000010
vt 0.705601 0.333820
vt 0.157273 0.073837
vt 0.157323 0.073726
vt 0.157368 0.073763
vt 0.157189 0.073869
vt 0.157249 0.073802
vt 0.232616 0.208158
vt 0.232510 0.208201
vt 0.232509 0.208140
vt 0.232674 0.208211
vt 0.232606 0.208200
vt 0.552776 0.104833
vt 0.232850 0.208219
vt 0.552809 0.104808
vt 0.552734 0.104861
vt 0.232775 0.208239
vt 0.232747 0.208161
vt 0.232702 0.208257
vt 0.232709 0.208183
vt 0.232514 0.208280
vt 0.552690 0.104889
vt 0.552650 0.104911
vt 0.232612 0.208269
vt 0.343807 0.003696
vt 0.344028 0.003392
vt 0.134815 0.264932
vt 0.343554 0.003711
vt 0.343768 0.003560
vt 0.343738 0.003441
vt 0.343955 0.003260
vt 0.685745 0.493927
vt 0.685911 0.493903
vt 0.685848 0.494045
vt 0.753959 0.491040
vt 0.649548 0.476080
vt 0.753965 0.491055
vt 0.753952 0.491025
vt 0.649471 0.476085
vt 0.685820 0.493605
vt 0.649401 0.476088
vt 0.685849 0.493775
vt 0.649265 0.476085
vt 0.753946 0.491011
vt 0.753941 0.491000
vt 0.705527 0.338131
vt 0.698300 0.481031
vt 0.698365 0.481033
vt 0.649334 0.476087
vt 0.158279 0.072447
vt 0.158376 0.072375
vt 0.158327 0.072478
vt 0.230921 0.208294
vt 0.230842 0.208370
vt 0.230824 0.208330
vt 0.158381 0.072293
vt 0.158436 0.072286
vt 0.230782 0.208392
vt 0.230744 0.208370
vt 0.551972 0.105269
vt 0.230945 0.208431
vt 0.552013 0.105249
vt 0.230766 0.208443
vt 0.230851 0.208438
vt 0.230931 0.208354
vt 0.230628 0.208428
vt 0.551885 0.105303
vt 0.551851 0.105312
vt 0.230705 0.208354
vt 0.230698 0.208437
vt 0.551927 0.105287
vt 0.754349 0.490184
vt 0.645817 0.472056
vt 0.754355 0.490197
vt 0.754342 0.490168
vt 0.645738 0.472061
vt 0.672731 0.505145
vt 0.672822 0.505501
vt 0.672760 0.505346
vt 0.645506 0.472063
vt 0.754335 0.490151
vt 0.754328 0.490136
vt 0.672731 0.505818
vt 0.645587 0.472064
vt 0.672760 0.505639
vt 0.645663 0.472065
vt 0.136918 0.020060
vt 0.685576 0.006443
vt 0.685513 0.006588
vt 0.685371 0.006263
vt 0.685625 0.006314
vt 0.685745 0.006607
vt 0.685741 0.006786
vt 0.672657 0.505475
vt 0.225615 0.209572
vt 0.549966 0.106658
vt 0.549927 0.106678
vt 0.225629 0.209491
vt 0.225703 0.209565
vt 0.550008 0.106633
vt 0.225767 0.209509
vt 0.225784 0.209557
vt 0.159252 0.182086
vt 0.159259 0.182190
vt 0.159201 0.182125
vt 0.159306 0.182171
vt 0.159312 0.182244
vt 0.225639 0.209428
vt 0.225711 0.209495
vt 0.225726 0.209451
vt 0.525157 0.116400
vt 0.167923 0.208605
vt 0.525196 0.116385
vt 0.225850 0.209541
vt 0.550046 0.106608
vt 0.167851 0.208603
vt 0.167873 0.208522
vt 0.225802 0.209481
vt 0.157813 0.180968
vt 0.157738 0.180877
vt 0.157848 0.180917
vt 0.223868 0.209582
vt 0.223756 0.209555
vt 0.223852 0.209521
vt 0.223735 0.209520
vt 0.223672 0.209595
vt 0.223628 0.209579
vt 0.223712 0.209617
vt 0.549173 0.107034
vt 0.223882 0.209661
vt 0.549216 0.107015
vt 0.223692 0.209667
vt 0.223783 0.209665
vt 0.223776 0.209596
vt 0.223533 0.209653
vt 0.549073 0.107071
vt 0.549031 0.107084
vt 0.223614 0.209661
vt 0.549123 0.107053
vt 0.763709 0.515657
vt 0.804121 0.478676
vt 0.763703 0.515643
vt 0.763716 0.515673
vt 0.804191 0.478671
vt 0.705527 0.000736
vt 0.804258 0.478668
vt 0.705497 0.000585
vt 0.804396 0.478670
vt 0.763722 0.515687
vt 0.763727 0.515697
vt 0.672735 0.500887
vt 0.647195 0.472030
vt 0.647130 0.472028
vt 0.804325 0.478668
vt 0.705435 0.000466
vt 0.681487 0.001709
vt 0.681769 0.001941
vt 0.133727 0.022671
vt 0.681472 0.001432
vt 0.681615 0.001665
vt 0.681911 0.001855
vt 0.705601 0.000442
vt 0.705497 0.000328
vt 0.683493 0.209497
vt 0.683385 0.209603
vt 0.683494 0.209604
vt 0.683387 0.209499
vt 0.683291 0.209601
vt 0.683489 0.209406
vt 0.683326 0.209441
vt 0.683302 0.209501
vt 0.613916 0.207367
vt 0.614026 0.207473
vt 0.614029 0.207368
vt 0.613918 0.207468
vt 0.614022 0.207561
vt 0.613820 0.207365
vt 0.613856 0.207524
vt 0.613919 0.207549
vt 0.142111 0.519520
vt 0.141749 0.519162
vt 0.141728 0.519525
vt 0.141403 0.519539
vt 0.142123 0.519141
vt 0.141766 0.518876
vt 0.141544 0.518971
vt 0.141449 0.519182
vt 0.614021 0.205620
vt 0.613911 0.205726
vt 0.614024 0.205724
vt 0.613913 0.205625
vt 0.613816 0.205729
vt 0.614017 0.205531
vt 0.613851 0.205569
vt 0.613826 0.205629
vt 0.683389 0.211234
vt 0.683497 0.211340
vt 0.683498 0.211232
vt 0.683392 0.211338
vt 0.683495 0.211431
vt 0.683295 0.211237
vt 0.683331 0.211396
vt 0.683393 0.211420
vt 0.613987 0.198455
vt 0.613886 0.198563
vt 0.613991 0.198564
vt 0.613891 0.198648
vt 0.613995 0.198659
vt 0.613789 0.198462
vt 0.613880 0.198457
vt 0.613829 0.198625
vt 0.614011 0.207653
vt 0.613904 0.207761
vt 0.614012 0.207760
vt 0.613901 0.207650
vt 0.613813 0.207761
vt 0.614011 0.207562
vt 0.613849 0.207598
vt 0.613827 0.207656
vt 0.815521 0.209259
vt 0.815413 0.209152
vt 0.815415 0.209259
vt 0.815522 0.209149
vt 0.815410 0.209060
vt 0.815609 0.209259
vt 0.815571 0.209097
vt 0.815514 0.209074
vt 0.142957 0.989370
vt 0.143341 0.989752
vt 0.143340 0.989365
vt 0.142949 0.989768
vt 0.143342 0.990090
vt 0.142632 0.989384
vt 0.142763 0.989970
vt 0.142969 0.990043
vt 0.613643 0.066585
vt 0.613535 0.066693
vt 0.613643 0.066691
vt 0.613532 0.066584
vt 0.613444 0.066697
vt 0.613642 0.066498
vt 0.613480 0.066537
vt 0.613458 0.066593
vt 0.815418 0.210995
vt 0.815525 0.210887
vt 0.815419 0.210887
vt 0.815527 0.210997
vt 0.815614 0.210887
vt 0.815416 0.211086
vt 0.815576 0.211049
vt 0.815599 0.210991
vt 0.613908 0.209388
vt 0.614016 0.209496
vt 0.614016 0.209388
vt 0.613906 0.209499
vt 0.614017 0.209587
vt 0.613817 0.209389
vt 0.613854 0.209551
vt 0.613912 0.209573
vt 0.724437 0.130449
vt 0.724046 0.130505
vt 0.724051 0.130888
vt 0.724418 0.130203
vt 0.724034 0.130180
vt 0.614254 0.207069
vt 0.614339 0.206989
vt 0.614318 0.206920
vt 0.614337 0.207075
vt 0.614376 0.207039
vt 0.815406 0.201768
vt 0.815433 0.201663
vt 0.815298 0.201770
vt 0.614424 0.207077
vt 0.614331 0.207158
vt 0.614487 0.207098
vt 0.815497 0.201764
vt 0.815496 0.201665
vt 0.614335 0.207113
vt 0.614176 0.207247
vt 0.614159 0.207220
vt 0.614046 0.207352
vt 0.614247 0.207159
vt 0.614300 0.207073
vt 0.815432 0.201481
vt 0.815405 0.201370
vt 0.815297 0.201372
vt 0.815496 0.201475
vt 0.815496 0.201366
vt 0.614327 0.205933
vt 0.614421 0.206013
vt 0.614484 0.205992
vt 0.614334 0.206015
vt 0.614374 0.206051
vt 0.724053 0.133065
vt 0.724444 0.133119
vt 0.724056 0.132681
vt 0.614337 0.206102
vt 0.614252 0.206023
vt 0.614316 0.206171
vt 0.724043 0.133390
vt 0.724427 0.133364
vt 0.614297 0.206018
vt 0.614155 0.205871
vt 0.614172 0.205844
vt 0.614042 0.205740
vt 0.614244 0.205932
vt 0.614332 0.205978
vt 0.156611 0.961857
vt 0.157236 0.961534
vt 0.156981 0.961202
vt 0.156799 0.962146
vt 0.157580 0.961876
vt 0.156147 0.962636
vt 0.156688 0.962683
vt 0.157033 0.962367
vt 0.157960 0.962173
vt 0.157606 0.962727
vt 0.158318 0.962382
vt 0.157284 0.962571
vt 0.156766 0.963171
vt 0.156677 0.962937
vt 0.155927 0.963649
vt 0.155656 0.963419
vt 0.155215 0.964087
vt 0.156159 0.963180
vt 0.156404 0.962702
vt 0.156226 0.575201
vt 0.155599 0.574835
vt 0.155972 0.575519
vt 0.155785 0.574554
vt 0.155130 0.574033
vt 0.156567 0.574865
vt 0.155671 0.574000
vt 0.155387 0.573972
vt 0.154635 0.573236
vt 0.154905 0.573005
vt 0.154191 0.572564
vt 0.155141 0.573482
vt 0.155748 0.573496
vt 0.155659 0.573736
vt 0.156590 0.573964
vt 0.156946 0.574561
vt 0.157303 0.574337
vt 0.156268 0.574129
vt 0.156019 0.574337
vt 0.158582 0.577777
vt 0.158444 0.577316
vt 0.158210 0.577653
vt 0.158767 0.577446
vt 0.158763 0.576957
vt 0.159049 0.577919
vt 0.159137 0.577327
vt 0.158960 0.577152
vt 0.159117 0.576632
vt 0.159576 0.576762
vt 0.159455 0.576388
vt 0.159249 0.576954
vt 0.159719 0.577232
vt 0.159377 0.577273
vt 0.159863 0.577725
vt 0.159542 0.578056
vt 0.159985 0.578167
vt 0.159456 0.577645
vt 0.159086 0.577572
vt 0.159444 0.959637
vt 0.159579 0.959191
vt 0.159208 0.959287
vt 0.159766 0.959526
vt 0.160046 0.959074
vt 0.159764 0.959998
vt 0.160136 0.959657
vt 0.160085 0.959419
vt 0.160538 0.958951
vt 0.160861 0.959279
vt 0.160981 0.958843
vt 0.160454 0.959354
vt 0.160720 0.959755
vt 0.160378 0.959715
vt 0.160579 0.960198
vt 0.160121 0.960315
vt 0.160460 0.960541
vt 0.160251 0.960014
vt 0.159961 0.959821
vt 0.160425 0.180917
vt 0.173659 0.179525
vt 0.174051 0.180917
vt 0.315291 0.072157
vt 0.301755 0.072252
vt 0.301755 0.072157
vt 0.315291 0.072077
vt 0.301755 0.072077
vt 0.315291 0.072022
vt 0.301755 0.072022
vt 0.157369 0.179525
vt 0.157273 0.176418
vt 0.157369 0.176416
vt 0.157273 0.179525
vt 0.157192 0.176419
vt 0.317991 0.182244
vt 0.315526 0.183084
vt 0.315485 0.183006
vt 0.318030 0.182322
vt 0.583617 0.079591
vt 0.547957 0.094348
vt 0.547960 0.094355
vt 0.547964 0.094365
vt 0.547968 0.094375
vt 0.132636 0.247277
vt 0.368936 0.000261
vt 0.369181 0.000010
vt 0.705527 0.312887
vt 0.706368 0.480854
vt 0.756960 0.500344
vt 0.756403 0.499080
vt 0.229623 0.208234
vt 0.229658 0.208152
vt 0.159948 0.072157
vt 0.159948 0.072252
vt 0.650965 0.476050
vt 0.754059 0.491269
vt 0.685824 0.488899
vt 0.343532 0.003881
vt 0.343128 0.008587
vt 0.342881 0.008587
vt 0.138501 0.265437
vt 0.547908 0.094231
vt 0.547911 0.094237
vt 0.546272 0.089762
vt 0.546269 0.089754
vt 0.546276 0.089770
vt 0.546279 0.089779
vt 0.664345 0.475751
vt 0.754983 0.493366
vt 0.685513 0.485866
vt 0.457350 0.020060
vt 0.685513 0.444815
vt 0.685741 0.485596
vt 0.685741 0.444591
vt 0.495478 0.475407
vt 0.672731 0.943623
vt 0.508326 0.475121
vt 0.546509 0.089288
vt 0.546505 0.089279
vt 0.546501 0.089269
vt 0.754262 0.489986
vt 0.642931 0.472120
vt 0.644513 0.472085
vt 0.672731 0.514047
vt 0.672731 0.509002
vt 0.685741 0.009970
vt 0.685513 0.014745
vt 0.685513 0.009699
vt 0.142766 0.020060
vt 0.139080 0.020060
vt 0.161824 0.182086
vt 0.160306 0.182171
vt 0.160203 0.182086
vt 0.161927 0.182171
vt 0.160392 0.182243
vt 0.170359 0.208535
vt 0.168880 0.208610
vt 0.168835 0.208527
vt 0.170404 0.208618
vt 0.525591 0.116225
vt 0.159369 0.182243
vt 0.222325 0.209510
vt 0.222360 0.209428
vt 0.157638 0.180822
vt 0.132638 0.025781
vt 0.677277 0.000263
vt 0.681320 0.001396
vt 0.705527 0.004770
vt 0.802915 0.478703
vt 0.685464 0.006113
vt 0.754444 0.490399
vt 0.546563 0.089418
vt 0.546560 0.089411
vt 0.551865 0.103779
vt 0.551868 0.103787
vt 0.551861 0.103770
vt 0.551858 0.103762
vt 0.617931 0.207357
vt 0.714712 0.207209
vt 0.714711 0.207104
vt 0.617822 0.207462
vt 0.714712 0.207298
vt 0.155350 0.518795
vt 0.501038 0.518202
vt 0.501037 0.517891
vt 0.155131 0.519107
vt 0.501039 0.518581
vt 0.617817 0.205610
vt 0.617926 0.205715
vt 0.617724 0.205521
vt 0.617641 0.198555
vt 0.617702 0.198650
vt 0.617619 0.198446
vt 0.614026 0.206546
vt 0.613913 0.206547
vt 0.683293 0.210419
vt 0.683387 0.210419
vt 0.156285 0.989718
vt 0.502267 0.988425
vt 0.156284 0.989331
vt 0.502269 0.989151
vt 0.502268 0.988813
vt 0.617643 0.207643
vt 0.714708 0.207298
vt 0.617643 0.207552
vt 0.617643 0.207751
vt 0.714708 0.207389
vt 0.617274 0.066575
vt 0.617274 0.066681
vt 0.617274 0.066489
vt 0.617648 0.209486
vt 0.617648 0.209578
vt 0.617647 0.209379
vt 0.815417 0.210073
vt 0.815523 0.210073
vt 0.613815 0.208575
vt 0.613906 0.208575
vt 0.142888 0.963123
vt 0.143272 0.963117
vt 0.142563 0.963137
vt 0.808044 0.209171
vt 0.808041 0.209080
vt 0.808045 0.209279
vt 0.613840 0.183292
vt 0.613948 0.183290
vt 0.613749 0.183296
vt 0.698681 0.211300
vt 0.698678 0.211391
vt 0.698681 0.211193
vt 0.811690 0.201779
vt 0.715209 0.201925
vt 0.715209 0.202031
vt 0.811712 0.201673
vt 0.715209 0.201838
vt 0.618147 0.207148
vt 0.714711 0.206985
vt 0.714711 0.206896
vt 0.618054 0.207238
vt 0.714711 0.207090
vt 0.811711 0.201490
vt 0.811689 0.201381
vt 0.811773 0.201585
vt 0.618051 0.205834
vt 0.618143 0.205922
vt 0.617941 0.205729
vt 0.724440 0.131784
vt 0.724053 0.131785
vt 0.724776 0.131783
vt 0.614157 0.206546
vt 0.614253 0.206546
vt 0.614045 0.206546
vt 0.815289 0.198139
vt 0.815396 0.198137
vt 0.712503 0.133420
vt 0.712513 0.133095
vt 0.815414 0.205003
vt 0.815307 0.205005
vt 0.815505 0.204999
vt 0.712506 0.130535
vt 0.712494 0.130210
vt 0.712510 0.130919
vt 0.617730 0.207551
vt 0.142135 0.518829
vt 0.155055 0.519486
vt 0.714707 0.205357
vt 0.714707 0.205462
vt 0.714707 0.205268
vt 0.714684 0.198301
vt 0.714685 0.198396
vt 0.714684 0.198192
vt 0.714339 0.066322
vt 0.714340 0.066428
vt 0.714713 0.209233
vt 0.714713 0.209324
vt 0.714713 0.209125
vt 0.617946 0.207343
vt 0.715209 0.201743
vt 0.715208 0.201634
vt 0.714707 0.205581
vt 0.714708 0.205670
vt 0.714707 0.205476
vt 0.141870 0.573601
vt 0.142253 0.573596
vt 0.141545 0.573616
vt 0.698676 0.209457
vt 0.698673 0.209366
vt 0.698677 0.209565
vt 0.613662 0.074052
vt 0.613463 0.074058
vt 0.613555 0.074053
vt 0.808046 0.211105
vt 0.808049 0.211014
vt 0.502201 0.963179
vt 0.502200 0.962743
vt 0.502199 0.962268
vt 0.502198 0.961826
vt 0.808049 0.210907
vt 0.501181 0.573062
vt 0.501182 0.573437
vt 0.501180 0.572593
vt 0.501179 0.572099
vt 0.501178 0.571657
vt 0.502193 0.959647
vt 0.502192 0.959305
vt 0.502190 0.958862
vt 0.502189 0.958386
vt 0.501191 0.576832
vt 0.501192 0.577274
vt 0.501190 0.576339
vt 0.501189 0.575869
vt 0.501188 0.575494
vt 0.546330 0.089902
vt 0.850967 0.050697
vt 0.858346 0.021685
vt 0.858346 0.051644
vt 0.158327 0.176378
vt 0.159948 0.176371
vt 0.548212 0.094964
vt 0.547972 0.094383
vt 0.862710 0.027434
vt 0.862710 0.057033
vt 0.551815 0.103658
vt 0.763623 0.515463
vt 0.858346 0.500504
vt 0.860524 0.506732
vt 0.159948 0.078964
vt 0.173659 0.072252
vt 0.173659 0.078964
vt 0.540899 0.075748
vt 0.744860 0.468652
vt 0.541378 0.076905
vt 0.546403 0.089031
vt 0.754153 0.489738
vt 0.849807 0.511959
vt 0.842429 0.511959
vt 0.546462 0.089174
vt 0.854137 0.511959
vt 0.698679 0.210379
vt 0.683496 0.210418
vt 0.714711 0.208311
vt 0.714708 0.207497
vt 0.617645 0.208565
vt 0.617293 0.074042
vt 0.808047 0.210093
vt 0.614014 0.208574
vt 0.811699 0.205014
vt 0.715218 0.205266
vt 0.811681 0.198148
vt 0.712513 0.131815
vt 0.502197 0.961483
vt 0.151896 0.960747
vt 0.503618 0.575965
vt 0.151896 0.575965
vt 0.315291 0.078964
vt 0.301755 0.110734
vt 0.301755 0.078964
vt 0.316436 0.180917
vt 0.315291 0.179525
vt 0.316912 0.179525
vt 0.143971 0.500504
vt 0.145011 0.504232
vt 0.142842 0.498004
vt 0.811710 0.182773
vt 0.696986 0.481063
vt 0.756303 0.498853
vt 0.756309 0.498866
vt 0.696820 0.481062
vt 0.756296 0.498837
vt 0.705497 0.342880
vt 0.696900 0.481062
vt 0.705435 0.343057
vt 0.756288 0.498820
vt 0.696665 0.481071
vt 0.756282 0.498804
vt 0.696745 0.481066
vt 0.705527 0.343344
vt 0.705497 0.343187
vt 0.348356 0.500349
vt 0.348011 0.500194
vt 0.497508 0.262061
vt 0.348249 0.500424
vt 0.347914 0.500312
vt 0.348461 0.500611
vt 0.705601 0.342976
vt 0.317917 0.073726
vt 0.317966 0.073837
vt 0.317871 0.073763
vt 0.318050 0.073869
vt 0.318047 0.073920
vt 0.315240 0.210278
vt 0.315126 0.210266
vt 0.315224 0.210219
vt 0.315086 0.210333
vt 0.315044 0.210316
vt 0.314919 0.210391
vt 0.588161 0.091334
vt 0.588123 0.091351
vt 0.314997 0.210389
vt 0.588206 0.091311
vt 0.315002 0.210306
vt 0.315072 0.210386
vt 0.588251 0.091286
vt 0.315259 0.210354
vt 0.588290 0.091262
vt 0.315148 0.210304
vt 0.315161 0.210372
vt 0.344028 0.497219
vt 0.343807 0.496915
vt 0.495328 0.264932
vt 0.343554 0.496900
vt 0.343532 0.496730
vt 0.343738 0.497170
vt 0.343768 0.497051
vt 0.685745 0.000435
vt 0.685911 0.000459
vt 0.685849 0.000587
vt 0.803980 0.472638
vt 0.764629 0.515252
vt 0.764623 0.515238
vt 0.804056 0.472639
vt 0.764636 0.515267
vt 0.685820 0.000756
vt 0.804127 0.472640
vt 0.764642 0.515281
vt 0.804263 0.472631
vt 0.764647 0.515292
vt 0.698288 0.481032
vt 0.705527 0.338665
vt 0.698224 0.481036
vt 0.804194 0.472636
vt 0.685848 0.000316
vt 0.316863 0.072375
vt 0.316961 0.072447
vt 0.316912 0.072478
vt 0.316791 0.209920
vt 0.316889 0.209971
vt 0.316798 0.209980
vt 0.316858 0.072293
vt 0.316907 0.072362
vt 0.316894 0.209927
vt 0.316952 0.209975
vt 0.316807 0.210058
vt 0.588931 0.090841
vt 0.588894 0.090866
vt 0.316981 0.210019
vt 0.588969 0.090811
vt 0.316899 0.210039
vt 0.589002 0.090780
vt 0.317110 0.209966
vt 0.589027 0.090755
vt 0.317045 0.209994
vt 0.317015 0.209916
vt 0.316983 0.209943
vt 0.492592 0.475471
vt 0.743776 0.466193
vt 0.743770 0.466180
vt 0.492671 0.475472
vt 0.743783 0.466209
vt 0.445125 0.459004
vt 0.445485 0.459080
vt 0.492746 0.475473
vt 0.743790 0.466225
vt 0.492903 0.475464
vt 0.743797 0.466240
vt 0.492822 0.475469
vt 0.672731 0.992857
vt 0.672760 0.993035
vt 0.493226 0.020060
vt 0.685576 0.494167
vt 0.685371 0.494348
vt 0.698102 0.497372
vt 0.697930 0.497565
vt 0.685513 0.494023
vt 0.685745 0.494003
vt 0.672657 0.993199
vt 0.445328 0.459024
vt 0.588090 0.090830
vt 0.315298 0.209309
vt 0.588128 0.090807
vt 0.315207 0.209324
vt 0.315260 0.209235
vt 0.588044 0.090855
vt 0.315128 0.209286
vt 0.315183 0.209258
vt 0.315988 0.182086
vt 0.315980 0.182190
vt 0.315934 0.182171
vt 0.315107 0.209192
vt 0.315082 0.209268
vt 0.315027 0.209259
vt 0.315220 0.209180
vt 0.315146 0.209222
vt 0.314958 0.209341
vt 0.587997 0.090878
vt 0.587956 0.090896
vt 0.315042 0.209340
vt 0.315121 0.209337
vt 0.317501 0.180877
vt 0.317427 0.180968
vt 0.317391 0.180917
vt 0.317008 0.208879
vt 0.316921 0.208928
vt 0.316906 0.208869
vt 0.317590 0.180871
vt 0.317515 0.180918
vt 0.317069 0.208929
vt 0.317009 0.208921
vt 0.316932 0.209007
vt 0.588796 0.090373
vt 0.588761 0.090397
vt 0.317098 0.208973
vt 0.588834 0.090346
vt 0.317019 0.208990
vt 0.588867 0.090318
vt 0.317219 0.208930
vt 0.588892 0.090296
vt 0.317158 0.208953
vt 0.317122 0.208877
vt 0.317096 0.208899
vt 0.592468 0.483393
vt 0.749088 0.482482
vt 0.749094 0.482496
vt 0.592397 0.483392
vt 0.749081 0.482467
vt 0.705527 0.676060
vt 0.705497 0.676211
vt 0.592330 0.483391
vt 0.749075 0.482453
vt 0.592193 0.483399
vt 0.749070 0.482442
vt 0.491214 0.475506
vt 0.440871 0.459189
vt 0.491279 0.475502
vt 0.592264 0.483395
vt 0.763433 0.478134
vt 0.763297 0.478203
vt 0.681769 0.498669
vt 0.681487 0.498902
vt 0.496416 0.022671
vt 0.681472 0.499178
vt 0.681320 0.499214
vt 0.694155 0.501627
vt 0.681615 0.498946
vt 0.705601 0.676353
vt 0.551071 0.211581
vt 0.551179 0.211686
vt 0.551180 0.211578
vt 0.550977 0.211583
vt 0.551074 0.211684
vt 0.551176 0.211777
vt 0.551013 0.211742
vt 0.551075 0.211766
vt 0.815398 0.206946
vt 0.815507 0.206839
vt 0.815394 0.206841
vt 0.815402 0.207035
vt 0.815506 0.206941
vt 0.815603 0.206837
vt 0.815567 0.206997
vt 0.815592 0.206937
vt 0.859966 0.517642
vt 0.860327 0.517283
vt 0.859953 0.517264
vt 0.860675 0.517658
vt 0.860350 0.517646
vt 0.860309 0.516996
vt 0.859939 0.516952
vt 0.860531 0.517091
vt 0.815503 0.205199
vt 0.815393 0.205093
vt 0.815390 0.205198
vt 0.815599 0.205201
vt 0.815501 0.205098
vt 0.815396 0.205004
vt 0.815562 0.205042
vt 0.815500 0.205016
vt 0.551174 0.209843
vt 0.551067 0.209949
vt 0.551175 0.209950
vt 0.551171 0.209752
vt 0.551069 0.209846
vt 0.550973 0.209947
vt 0.551008 0.209787
vt 0.550984 0.209847
vt 0.815381 0.197929
vt 0.815483 0.198036
vt 0.815489 0.197930
vt 0.815378 0.198038
vt 0.815478 0.198121
vt 0.815580 0.197934
vt 0.815540 0.198098
vt 0.815567 0.198036
vt 0.815513 0.207233
vt 0.815405 0.207126
vt 0.815405 0.207234
vt 0.815604 0.207233
vt 0.815515 0.207123
vt 0.815405 0.207035
vt 0.815567 0.207071
vt 0.815510 0.207049
vt 0.683100 0.211341
vt 0.683207 0.211233
vt 0.683101 0.211233
vt 0.683097 0.211432
vt 0.683209 0.211343
vt 0.683295 0.211233
vt 0.683258 0.211395
vt 0.683281 0.211337
vt 0.861196 0.987874
vt 0.861579 0.987491
vt 0.861195 0.987487
vt 0.861197 0.988213
vt 0.861589 0.987889
vt 0.861904 0.987503
vt 0.861775 0.988089
vt 0.861854 0.987879
vt 0.815144 0.066165
vt 0.815036 0.066058
vt 0.815036 0.066164
vt 0.815235 0.066169
vt 0.815146 0.066057
vt 0.815036 0.065971
vt 0.815198 0.066010
vt 0.815141 0.065986
vt 0.683203 0.209605
vt 0.683095 0.209498
vt 0.683096 0.209605
vt 0.683291 0.209605
vt 0.683204 0.209495
vt 0.683092 0.209406
vt 0.683252 0.209443
vt 0.683196 0.209420
vt 0.815410 0.208969
vt 0.815517 0.208861
vt 0.815409 0.208862
vt 0.815410 0.209060
vt 0.815520 0.208972
vt 0.815608 0.208861
vt 0.815572 0.209024
vt 0.815594 0.208966
vt 0.724063 0.136793
vt 0.724454 0.136848
vt 0.724065 0.136410
vt 0.724053 0.137119
vt 0.724436 0.137094
vt 0.815082 0.206464
vt 0.815167 0.206543
vt 0.815103 0.206395
vt 0.815084 0.206550
vt 0.815121 0.206548
vt 0.614986 0.202187
vt 0.615013 0.202292
vt 0.615121 0.202293
vt 0.815091 0.206633
vt 0.814998 0.206553
vt 0.814934 0.206574
vt 0.614922 0.202190
vt 0.614922 0.202288
vt 0.815045 0.206515
vt 0.815263 0.206694
vt 0.815247 0.206721
vt 0.815377 0.206825
vt 0.815175 0.206633
vt 0.815087 0.206588
vt 0.615012 0.201894
vt 0.614985 0.202005
vt 0.615120 0.201896
vt 0.614921 0.201891
vt 0.614921 0.202000
vt 0.814995 0.205489
vt 0.815088 0.205408
vt 0.814931 0.205467
vt 0.815082 0.205490
vt 0.815084 0.205453
vt 0.724447 0.134177
vt 0.724056 0.134234
vt 0.724061 0.134618
vt 0.815164 0.205497
vt 0.815079 0.205577
vt 0.815101 0.205646
vt 0.724428 0.133932
vt 0.724045 0.133908
vt 0.815042 0.205526
vt 0.815243 0.205319
vt 0.815260 0.205345
vt 0.815372 0.205214
vt 0.815171 0.205407
vt 0.815119 0.205493
vt 0.847154 0.959730
vt 0.847780 0.960049
vt 0.847407 0.959396
vt 0.846812 0.960073
vt 0.847595 0.960340
vt 0.848250 0.960826
vt 0.847708 0.960875
vt 0.847993 0.960893
vt 0.846790 0.960924
vt 0.846434 0.960373
vt 0.846076 0.960584
vt 0.847632 0.961364
vt 0.847111 0.960767
vt 0.847361 0.960562
vt 0.848744 0.961606
vt 0.848474 0.961838
vt 0.849188 0.962272
vt 0.848239 0.961369
vt 0.847721 0.961129
vt 0.846768 0.573027
vt 0.846144 0.573397
vt 0.846399 0.573713
vt 0.847234 0.572223
vt 0.846581 0.572747
vt 0.845800 0.573062
vt 0.846691 0.572193
vt 0.846346 0.572531
vt 0.847453 0.571193
vt 0.847724 0.571423
vt 0.848164 0.570749
vt 0.846613 0.571689
vt 0.847220 0.571672
vt 0.846703 0.571928
vt 0.846976 0.572164
vt 0.845420 0.572760
vt 0.845774 0.572161
vt 0.845062 0.572538
vt 0.846095 0.572324
vt 0.843937 0.575523
vt 0.843802 0.575985
vt 0.844172 0.575859
vt 0.843616 0.575166
vt 0.843614 0.575655
vt 0.843335 0.576128
vt 0.843244 0.575538
vt 0.843297 0.575782
vt 0.842801 0.574975
vt 0.843259 0.574843
vt 0.842921 0.574601
vt 0.842661 0.575446
vt 0.843129 0.575165
vt 0.843419 0.575362
vt 0.842842 0.576268
vt 0.842520 0.575940
vt 0.842401 0.576382
vt 0.842926 0.575857
vt 0.843003 0.575485
vt 0.844799 0.957399
vt 0.844937 0.957844
vt 0.845171 0.957493
vt 0.844332 0.957284
vt 0.844613 0.957735
vt 0.844618 0.958207
vt 0.844244 0.957868
vt 0.844420 0.958031
vt 0.843518 0.957494
vt 0.843838 0.957164
vt 0.843396 0.957058
vt 0.843661 0.957969
vt 0.843925 0.957566
vt 0.844003 0.957927
vt 0.844295 0.957628
vt 0.844263 0.958526
vt 0.843804 0.958411
vt 0.843925 0.958753
vt 0.844131 0.958226
vt 0.317966 0.176418
vt 0.317870 0.179525
vt 0.317870 0.176416
vt 0.318047 0.176419
vt 0.317966 0.179525
vt 0.228511 0.209540
vt 0.225909 0.209428
vt 0.228528 0.209454
vt 0.551165 0.106153
vt 0.225893 0.209514
vt 0.547860 0.094114
vt 0.547857 0.094106
vt 0.547853 0.094097
vt 0.547849 0.094087
vt 0.497508 0.247277
vt 0.368936 0.500349
vt 0.348617 0.500601
vt 0.705527 0.363909
vt 0.690221 0.481214
vt 0.756394 0.499059
vt 0.705527 0.342639
vt 0.343955 0.497351
vt 0.318020 0.209497
vt 0.589321 0.090409
vt 0.317963 0.209428
vt 0.316803 0.072286
vt 0.315291 0.072252
vt 0.802563 0.472671
vt 0.764528 0.515024
vt 0.685824 0.005462
vt 0.343128 0.492024
vt 0.342881 0.492024
vt 0.491643 0.265437
vt 0.547906 0.094225
vt 0.552049 0.103703
vt 0.552052 0.103711
vt 0.552045 0.103694
vt 0.552042 0.103686
vt 0.540792 0.075491
vt 0.540789 0.075484
vt 0.540796 0.075500
vt 0.540800 0.075510
vt 0.743863 0.466391
vt 0.743973 0.466639
vt 0.493896 0.475442
vt 0.672731 0.984628
vt 0.685741 0.490641
vt 0.685513 0.490911
vt 0.487378 0.020060
vt 0.314934 0.182171
vt 0.313415 0.182086
vt 0.315036 0.182086
vt 0.314847 0.182243
vt 0.313312 0.182171
vt 0.314001 0.209337
vt 0.312541 0.209246
vt 0.314065 0.209254
vt 0.587561 0.091057
vt 0.312477 0.209329
vt 0.672731 0.989673
vt 0.685741 0.493825
vt 0.491063 0.020060
vt 0.315870 0.182243
vt 0.318025 0.208592
vt 0.589163 0.090023
vt 0.317967 0.208522
vt 0.317602 0.180822
vt 0.318047 0.179524
vt 0.497506 0.025781
vt 0.677277 0.500347
vt 0.705527 0.672025
vt 0.593674 0.483366
vt 0.316038 0.182125
vt 0.540738 0.075361
vt 0.743681 0.465978
vt 0.540741 0.075367
vt 0.543952 0.084683
vt 0.543949 0.084675
vt 0.543956 0.084692
vt 0.543959 0.084700
vt 0.811492 0.206851
vt 0.811602 0.206955
vt 0.811694 0.207044
vt 0.846724 0.516987
vt 0.846945 0.517298
vt 0.847023 0.517676
vt 0.811597 0.205104
vt 0.811488 0.205209
vt 0.811689 0.205014
vt 0.815374 0.198133
vt 0.811728 0.198047
vt 0.811667 0.198142
vt 0.811750 0.197938
vt 0.815393 0.206020
vt 0.815505 0.206019
vt 0.815601 0.206019
vt 0.550975 0.210765
vt 0.551069 0.210765
vt 0.551178 0.210765
vt 0.848253 0.987908
vt 0.848252 0.987520
vt 0.848254 0.988247
vt 0.811774 0.207135
vt 0.811774 0.207044
vt 0.811774 0.207243
vt 0.811405 0.066068
vt 0.811405 0.066174
vt 0.811405 0.065981
vt 0.811779 0.208979
vt 0.811779 0.209070
vt 0.811778 0.208871
vt 0.683098 0.210419
vt 0.683205 0.210419
vt 0.815606 0.208047
vt 0.815515 0.208047
vt 0.815407 0.208048
vt 0.861510 0.961244
vt 0.861126 0.961240
vt 0.861835 0.961256
vt 0.675730 0.211360
vt 0.675728 0.211451
vt 0.675731 0.211253
vt 0.815449 0.182765
vt 0.815341 0.182763
vt 0.815540 0.182769
vt 0.566357 0.209803
vt 0.566354 0.209712
vt 0.566359 0.209911
vt 0.618728 0.202284
vt 0.618707 0.202177
vt 0.618644 0.202090
vt 0.811275 0.206643
vt 0.811368 0.206732
vt 0.811477 0.206837
vt 0.618706 0.201995
vt 0.618727 0.201886
vt 0.811364 0.205328
vt 0.811272 0.205417
vt 0.811473 0.205223
vt 0.724450 0.135513
vt 0.724063 0.135514
vt 0.724786 0.135512
vt 0.815261 0.206020
vt 0.815166 0.206020
vt 0.815374 0.206020
vt 0.724781 0.133647
vt 0.615111 0.198662
vt 0.615004 0.198661
vt 0.712505 0.133938
vt 0.712516 0.134264
vt 0.615022 0.205527
vt 0.615129 0.205528
vt 0.614930 0.205523
vt 0.712522 0.136823
vt 0.712513 0.137149
vt 0.712525 0.136440
vt 0.714339 0.066235
vt 0.614828 0.202100
vt 0.860491 0.571722
vt 0.860107 0.571718
vt 0.860816 0.571735
vt 0.566362 0.211646
vt 0.566360 0.211738
vt 0.566363 0.211539
vt 0.815055 0.073525
vt 0.815254 0.073530
vt 0.675722 0.209426
vt 0.675725 0.209517
vt 0.815163 0.073526
vt 0.675727 0.209625
vt 0.502188 0.957951
vt 0.551991 0.103563
vt 0.143971 0.050697
vt 0.142842 0.019185
vt 0.143971 0.020674
vt 0.316912 0.176378
vt 0.315291 0.176371
vt 0.547605 0.093498
vt 0.755837 0.497795
vt 0.142842 0.049144
vt 0.138478 0.024934
vt 0.544002 0.084803
vt 0.749174 0.482676
vt 0.140664 0.504232
vt 0.138483 0.498004
vt 0.146139 0.506732
vt 0.151381 0.509459
vt 0.314815 0.180917
vt 0.540840 0.075605
vt 0.147051 0.509459
vt 0.566361 0.210725
vt 0.811776 0.208057
vt 0.811424 0.073534
vt 0.675729 0.210439
vt 0.618737 0.205519
vt 0.618719 0.198653
vt 0.712522 0.135544
vt 0.855341 0.960747
vt 0.855341 0.575965
vt 0.317871 0.080380
vt 0.316912 0.110878
vt 0.316912 0.079176
vt 0.142842 0.483927
vt 0.138480 0.194637
vt 0.142842 0.190950
vt 0.544115 0.085076
vt 0.753732 0.493019
vt 0.749383 0.483150
vt 0.315291 0.110734
vt 0.143971 0.486398
vt 0.143971 0.192802
vt 0.596702 0.483299
vt 0.659719 0.481894
vt 0.705527 0.662362
vt 0.705527 0.461250
vt 0.667607 0.500348
vt 0.466517 0.500600
vt 0.466348 0.500349
vt 0.497506 0.032728
vt 0.497507 0.177301
vt 0.585741 0.092305
vt 0.282983 0.210077
vt 0.309349 0.210336
vt 0.283042 0.209991
vt 0.309427 0.210251
vt 0.318047 0.080527
vt 0.317966 0.111750
vt 0.317966 0.080450
vt 0.317871 0.111703
vt 0.158327 0.110878
vt 0.157368 0.080380
vt 0.158327 0.079176
vt 0.858346 0.486427
vt 0.862708 0.197137
vt 0.862705 0.486596
vt 0.551702 0.103386
vt 0.759065 0.505120
vt 0.549350 0.097711
vt 0.159948 0.110734
vt 0.850967 0.486398
vt 0.858346 0.193450
vt 0.799887 0.478770
vt 0.763415 0.514989
vt 0.705527 0.014433
vt 0.736869 0.480175
vt 0.667607 0.000263
vt 0.466517 0.000010
vt 0.667617 0.000011
vt 0.132638 0.032728
vt 0.466348 0.000262
vt 0.263407 0.198929
vt 0.554795 0.103182
vt 0.238180 0.206599
vt 0.263326 0.198864
vt 0.238080 0.206539
vt 0.157273 0.111750
vt 0.157192 0.080527
vt 0.157273 0.080450
vt 0.157368 0.111703
vt 0.157192 0.073920
vt 0.138479 0.054533
vt 0.546467 0.090751
vt 0.369181 0.500600
vt 0.850967 0.192802
vt 0.705527 0.215545
vt 0.132636 0.177301
vt 0.205576 0.020674
vt 0.205576 0.050697
vt 0.205576 0.192802
vt 0.301755 0.179525
vt 0.301755 0.176371
vt 0.301362 0.180917
vt 0.300206 0.182086
vt 0.152509 0.511959
vt 0.207366 0.506732
vt 0.212626 0.511959
vt 0.551497 0.102372
vt 0.763616 0.512954
vt 0.788567 0.500504
vt 0.788567 0.486398
vt 0.526242 0.115960
vt 0.182944 0.208681
vt 0.531597 0.113786
vt 0.182908 0.208597
vt 0.162014 0.182243
vt 0.175288 0.182171
vt 0.175360 0.182243
vt 0.175204 0.182086
vt 0.685824 0.446231
vt 0.343128 0.051255
vt 0.342881 0.051255
vt 0.169669 0.265437
vt 0.508378 0.110169
vt 0.147251 0.184509
vt 0.512128 0.109754
vt 0.205576 0.500504
vt 0.788567 0.192802
vt 0.677279 0.000011
vt 0.715652 0.495414
vt 0.727641 0.499257
vt 0.715609 0.499120
vt 0.667617 0.500600
vt 0.138483 0.484096
vt 0.574464 0.096821
vt 0.318047 0.111803
vt 0.564195 0.095488
vt 0.157192 0.111803
vt 0.173659 0.110734
vt 0.205576 0.486398
vt 0.547608 0.105823
vt 0.551405 0.105402
vt 0.460871 0.265437
vt 0.343128 0.449899
vt 0.342881 0.449899
vt 0.685824 0.047587
vt 0.789353 0.472965
vt 0.629916 0.472411
vt 0.300121 0.182171
vt 0.300050 0.182243
vt 0.300097 0.209267
vt 0.300152 0.209184
vt 0.581623 0.093468
vt 0.781536 0.511959
vt 0.227601 0.509435
vt 0.768349 0.509435
vt 0.786782 0.506732
vt 0.173659 0.176371
vt 0.788567 0.050697
vt 0.850967 0.020674
vt 0.545917 0.087859
vt 0.672731 0.555581
vt 0.685741 0.015015
vt 0.685513 0.056326
vt 0.173181 0.020060
vt 0.173659 0.072022
vt 0.159948 0.072077
vt 0.159948 0.072022
vt 0.173659 0.072077
vt 0.173659 0.072157
vt 0.586910 0.091321
vt 0.313226 0.182243
vt 0.220900 0.487957
vt 0.220900 0.499810
vt 0.221659 0.205940
vt 0.753254 0.487699
vt 0.546830 0.091108
vt 0.775032 0.487957
vt 0.788567 0.020674
vt 0.685741 0.056549
vt 0.715118 0.499274
vt 0.706210 0.495307
vt 0.222601 0.505043
vt 0.775032 0.499810
vt 0.773335 0.505043
vt 0.738861 0.069761
vt 0.184728 0.080674
vt 0.184728 0.069761
vt 0.694611 0.499042
vt 0.703606 0.495278
vt 0.704864 0.499158
vt 0.727873 0.491656
vt 0.256766 0.490208
vt 0.256810 0.486312
vt 0.727919 0.487577
vt 0.256810 0.486312
vt 0.256856 0.482232
vt 0.348154 0.000125
vt 0.705497 0.338349
vt 0.158333 0.072362
vt 0.167819 0.208531
vt 0.157724 0.180918
vt 0.672764 0.500663
vt 0.681730 0.001631
vt 0.683388 0.209417
vt 0.613831 0.207464
vt 0.613913 0.205544
vt 0.683307 0.211336
vt 0.613802 0.198563
vt 0.613907 0.207576
vt 0.815594 0.209154
vt 0.142684 0.989760
vt 0.613538 0.066513
vt 0.815519 0.211072
vt 0.613832 0.209494
vt 0.724403 0.130022
vt 0.815544 0.201665
vt 0.815543 0.201470
vt 0.724412 0.133545
vt 0.157192 0.179524
vt 0.584550 0.078827
vt 0.756399 0.499070
vt 0.546512 0.089295
vt 0.546498 0.089260
vt 0.548516 0.107228
vt 0.754449 0.490410
vt 0.613818 0.206547
vt 0.156286 0.990056
vt 0.815611 0.210073
vt 0.815589 0.201575
vt 0.724771 0.129918
vt 0.815488 0.198132
vt 0.712515 0.132711
vt 0.862705 0.500504
vt 0.715200 0.198400
vt 0.503618 0.960747
vt 0.348154 0.500486
vt 0.317990 0.073802
vt 0.705497 0.338446
vt 0.440649 0.459228
vt 0.693962 0.501841
vt 0.550988 0.211682
vt 0.815505 0.207022
vt 0.860627 0.517301
vt 0.815587 0.205101
vt 0.551069 0.209763
vt 0.815590 0.207128
vt 0.683201 0.211418
vt 0.861570 0.988164
vt 0.815221 0.066066
vt 0.683276 0.209500
vt 0.815515 0.209046
vt 0.724422 0.137274
vt 0.614875 0.202190
vt 0.614874 0.201995
vt 0.724412 0.133751
vt 0.550045 0.106601
vt 0.547845 0.094078
vt 0.540804 0.075518
vt 0.677279 0.500600
vt 0.743676 0.465967
vt 0.614829 0.202100
vt 0.724791 0.137377
vt 0.614912 0.198657
vt 0.712520 0.134648
vt 0.139389 0.182244
vt 0.727829 0.495552
vt 0.738861 0.080674
vt 0.694165 0.495170
vt 0.727873 0.491656
s 1
usemtl Material.001
f 2/1/1 8/2/1 4/3/1
f 1/4/2 6/5/2 5/6/2
f 16/7/3 21/8/3 19/9/3
f 35/10/4 37/11/5 32/12/6
f 35/10/4 39/13/7 38/14/8
f 37/11/5 50/15/9 47/16/10
f 38/14/8 40/17/11 50/15/9
f 41/18/12 43/19/13 33/20/14
f 42/21/15 44/22/16 41/18/12
f 44/22/16 36/23/17 43/19/13
f 45/24/18 39/13/7 44/22/16
f 46/25/19 48/26/20 34/27/21
f 47/28/10 49/29/22 46/25/19
f 48/26/20 45/30/18 42/31/15
f 49/32/22 40/17/11 45/24/18
f 54/33/23 56/34/24 51/35/25
f 54/33/23 58/36/26 57/37/27
f 57/38/27 66/39/28 56/40/24
f 57/38/27 59/41/29 69/42/30
f 60/43/31 62/44/32 52/45/33
f 61/46/34 63/47/35 60/43/31
f 63/47/35 55/48/36 62/44/32
f 64/49/37 58/50/26 63/47/35
f 65/51/38 67/52/39 53/53/40
f 65/51/38 69/42/30 68/54/41
f 67/52/39 64/49/37 61/46/34
f 68/54/41 59/41/29 64/49/37
f 83/55/42 85/56/43 80/57/44
f 83/55/42 87/58/45 86/59/46
f 85/56/43 98/60/47 95/61/48
f 86/62/46 88/63/49 98/64/47
f 89/65/50 91/66/51 81/67/52
f 90/68/53 92/69/54 89/65/50
f 92/69/54 84/70/55 91/66/51
f 93/71/56 87/72/45 92/69/54
f 94/73/57 96/74/58 82/75/59
f 95/76/48 97/77/60 94/78/57
f 96/74/58 93/71/56 90/68/53
f 97/79/60 88/63/49 93/71/56
f 102/80/61 104/81/62 99/82/63
f 102/83/61 106/84/64 105/85/65
f 104/81/62 117/86/66 114/87/67
f 105/85/65 107/88/68 117/89/66
f 108/90/69 110/91/70 100/92/71
f 108/90/69 112/93/72 111/94/73
f 111/94/73 103/95/74 110/91/70
f 111/94/73 107/88/68 106/84/64
f 113/96/75 115/97/76 101/98/77
f 114/99/67 116/100/78 113/96/75
f 116/100/78 109/101/79 115/97/76
f 117/89/66 112/93/72 116/100/78
f 131/102/80 133/103/81 128/104/82
f 132/105/83 134/106/84 131/102/80
f 134/106/84 143/107/85 133/103/81
f 134/106/84 136/108/86 146/109/87
f 137/110/88 139/111/89 129/112/90
f 138/113/91 140/114/92 137/110/88
f 140/114/92 132/105/83 139/111/89
f 141/115/93 135/116/94 140/114/92
f 130/117/95 145/118/96 144/119/97
f 142/120/98 146/121/87 145/118/96
f 144/119/97 141/122/93 138/123/91
f 145/124/96 136/108/86 141/115/93
f 150/125/99 152/126/100 147/127/101
f 151/128/102 153/129/103 150/125/99
f 153/129/103 162/130/104 152/126/100
f 153/129/103 155/131/105 165/132/106
f 148/133/107 159/134/108 158/135/109
f 156/136/110 160/137/111 159/134/108
f 158/138/109 154/139/112 151/128/102
f 159/140/108 155/131/105 154/139/112
f 161/141/113 163/142/114 149/143/115
f 162/130/104 164/144/116 161/145/113
f 164/146/116 157/147/117 163/142/114
f 165/132/106 160/148/111 164/144/116
f 179/149/118 181/150/119 176/151/120
f 180/152/121 182/153/122 179/154/118
f 181/155/119 194/156/123 191/157/124
f 182/153/122 184/158/125 194/156/123
f 185/159/126 187/160/127 177/161/128
f 185/159/126 189/162/129 188/163/130
f 188/163/130 180/152/121 187/160/127
f 188/163/130 184/158/125 183/164/131
f 190/165/132 192/166/133 178/167/134
f 191/157/124 193/168/135 190/165/132
f 193/168/135 186/169/136 192/166/133
f 194/156/123 189/162/129 193/168/135
f 198/170/137 200/171/138 195/172/139
f 199/173/140 201/174/141 198/170/137
f 201/174/141 210/175/142 200/171/138
f 202/176/143 213/177/144 201/174/141
f 204/178/145 206/179/146 196/180/147
f 205/181/148 207/182/149 204/183/145
f 206/179/146 202/176/143 199/173/140
f 207/184/149 203/185/150 202/176/143
f 209/186/151 211/187/152 197/188/153
f 209/186/151 213/189/144 212/190/154
f 212/190/154 205/191/148 211/187/152
f 212/192/154 203/185/150 208/193/155
f 229/194/156 227/195/157 224/196/158
f 230/197/159 228/198/160 227/195/157
f 239/199/161 230/197/159 229/194/156
f 230/197/159 232/200/162 231/201/163
f 235/202/164 233/203/165 225/204/166
f 236/205/167 234/206/168 233/203/165
f 228/207/160 236/205/167 235/202/164
f 236/205/167 232/208/162 237/209/169
f 226/210/170 241/211/171 238/212/172
f 241/211/171 239/213/161 238/212/172
f 240/214/173 237/215/169 241/211/171
f 241/211/171 232/216/162 242/217/174
f 248/218/175 246/219/176 243/220/177
f 249/221/178 247/222/179 246/219/176
f 258/223/180 249/221/178 248/218/175
f 249/221/178 251/224/181 250/225/182
f 254/226/183 252/227/184 244/228/185
f 255/229/186 253/230/187 252/227/184
f 247/231/179 255/229/186 254/226/183
f 255/229/186 251/232/181 256/233/188
f 245/234/189 260/235/190 257/236/191
f 257/236/191 261/237/192 258/238/180
f 253/239/187 260/235/190 259/240/193
f 260/235/190 251/241/181 261/237/192
f 277/242/194 275/243/195 272/244/196
f 278/245/197 276/246/198 275/243/195
f 287/247/199 278/245/197 277/242/194
f 278/245/197 280/248/200 279/249/201
f 283/250/202 281/251/203 273/252/204
f 284/253/205 282/254/206 281/251/203
f 276/255/198 284/253/205 283/250/202
f 284/253/205 280/256/200 285/257/207
f 288/258/208 286/259/209 274/260/210
f 289/261/211 287/262/199 286/259/209
f 282/263/206 289/261/211 288/258/208
f 289/261/211 280/264/200 290/265/212
f 296/266/213 294/267/214 291/268/215
f 297/269/216 295/270/217 294/267/214
f 306/271/218 297/269/216 296/266/213
f 297/269/216 299/272/219 298/273/220
f 302/274/221 300/275/222 292/276/223
f 303/277/224 301/278/225 300/275/222
f 295/279/217 303/277/224 302/274/221
f 303/277/224 299/280/219 304/281/226
f 307/282/227 305/283/228 293/284/229
f 308/285/230 306/286/218 305/283/228
f 301/287/225 308/285/230 307/282/227
f 308/285/230 299/288/219 309/289/231
f 330/290/232 328/291/233 325/292/234
f 331/293/235 329/294/236 328/291/233
f 340/295/237 331/296/235 330/297/232
f 331/296/235 333/298/238 332/299/239
f 336/300/240 334/301/241 326/302/242
f 337/303/243 335/304/244 334/305/245
f 329/306/236 337/307/243 336/300/240
f 337/303/243 333/298/238 338/308/246
f 341/309/247 339/310/248 327/311/249
f 342/312/250 340/295/237 339/310/248
f 335/304/244 342/312/250 341/309/247
f 338/308/246 343/313/251 342/312/250
f 359/314/252 357/315/253 354/316/254
f 360/317/255 358/318/256 357/315/253
f 369/319/257 360/320/255 359/321/258
f 360/320/255 362/322/259 361/323/260
f 365/324/261 363/325/262 355/326/263
f 366/327/264 364/328/265 363/329/262
f 358/330/256 366/331/264 365/324/261
f 366/327/264 362/322/259 367/332/266
f 370/333/267 368/334/268 356/335/269
f 371/336/270 369/319/257 368/334/268
f 364/328/265 371/336/270 370/333/267
f 367/332/266 372/337/271 371/336/270
f 433/338/272 431/339/273 428/340/274
f 434/341/275 432/342/276 431/339/273
f 443/343/277 434/341/275 433/338/272
f 434/341/275 436/344/278 435/345/279
f 439/346/280 437/347/281 429/348/282
f 440/349/283 438/350/284 437/347/281
f 432/342/276 440/349/283 439/346/280
f 440/349/283 436/344/278 441/351/285
f 444/352/286 442/353/287 430/354/288
f 445/355/289 443/343/277 442/353/287
f 438/350/284 445/355/289 444/352/286
f 441/351/285 446/356/290 445/355/289
f 467/357/291 465/358/292 462/359/293
f 468/360/294 466/361/295 465/358/292
f 477/362/296 468/360/294 467/357/291
f 468/360/294 470/363/297 469/364/298
f 473/365/299 471/366/300 463/367/301
f 474/368/302 472/369/303 471/366/300
f 466/361/295 474/368/302 473/365/299
f 469/364/298 475/370/304 474/368/302
f 478/371/305 476/372/306 464/373/307
f 479/374/308 477/362/296 476/372/306
f 472/369/303 479/374/308 478/371/305
f 479/374/308 470/363/297 480/375/309
f 496/376/310 494/377/311 491/378/312
f 497/379/313 495/380/314 494/377/311
f 506/381/315 497/379/313 496/376/310
f 497/379/313 499/382/316 498/383/317
f 502/384/318 500/385/319 492/386/320
f 503/387/321 501/388/322 500/385/319
f 495/380/314 503/387/321 502/384/318
f 503/387/321 499/382/316 504/389/323
f 507/390/324 505/391/325 493/392/326
f 508/393/327 506/381/315 505/391/325
f 501/388/322 508/393/327 507/390/324
f 504/389/323 509/394/328 508/393/327
f 515/395/329 513/396/330 510/397/331
f 516/398/332 514/399/333 513/396/330
f 525/400/334 516/398/332 515/395/329
f 516/398/332 518/401/335 517/402/336
f 521/403/337 519/404/338 511/405/339
f 522/406/340 520/407/341 519/404/338
f 514/399/333 522/406/340 521/403/337
f 517/402/336 523/408/342 522/406/340
f 526/409/343 524/410/344 512/411/345
f 527/412/346 525/400/334 524/410/344
f 520/407/341 527/412/346 526/409/343
f 527/412/346 518/401/335 528/413/347
f 7/414/1 1087/415/1 1089/416/1
f 552/417/348 1118/418/349 1135/419/350
f 553/420/351 1135/419/350 1136/421/352
f 554/422/353 1136/421/352 1137/423/354
f 75/424/355 1074/425/356 1058/426/357
f 77/427/358 1075/428/359 1074/425/356
f 78/429/360 1076/430/361 1075/431/359
f 79/432/362 1077/433/363 1076/430/361
f 53/434/40 35/10/4 32/12/6
f 67/435/39 36/23/17 35/10/4
f 61/436/34 43/19/13 36/23/17
f 60/437/31 33/20/14 43/19/13
f 1034/438/364 48/26/20 1043/439/365
f 1043/439/365 42/31/15 1044/440/366
f 1044/441/366 41/18/12 1045/442/367
f 1045/442/367 33/20/14 1046/443/368
f 82/444/59 37/11/5 94/78/57
f 94/78/57 47/16/10 95/76/48
f 95/61/48 46/25/19 85/56/43
f 85/56/43 34/27/21 80/57/44
f 101/98/77 31/445/369 113/96/75
f 113/96/75 30/446/370 114/99/67
f 114/87/67 29/447/371 104/81/62
f 104/81/62 27/448/372 99/82/63
f 81/67/52 24/449/373 22/450/374
f 91/66/51 25/451/375 24/449/373
f 84/452/55 26/453/376 25/454/375
f 83/55/42 23/455/377 26/453/376
f 100/92/71 65/51/38 53/53/40
f 110/91/70 66/39/28 65/51/38
f 103/95/74 56/40/24 66/39/28
f 102/80/61 51/35/25 56/34/24
f 82/444/59 108/456/69 100/457/71
f 96/74/58 109/458/79 108/459/69
f 90/68/53 115/460/76 109/458/79
f 89/65/50 101/461/77 115/460/76
f 22/450/374 1098/462/378 1099/463/379
f 643/464/380 1123/465/381 1140/466/380
f 644/467/382 1140/466/380 1141/468/382
f 645/469/383 1141/470/382 1142/471/383
f 128/104/82 152/472/100 131/102/80
f 131/102/80 162/473/104 132/105/83
f 162/473/104 139/111/89 132/105/83
f 161/474/113 129/112/90 139/111/89
f 167/475/384 122/476/383 170/477/383
f 170/477/383 121/478/382 169/479/382
f 169/480/382 120/481/380 168/482/380
f 168/482/380 118/483/381 166/484/381
f 124/485/385 175/486/386 172/487/385
f 127/488/386 174/489/387 175/486/386
f 126/490/387 173/491/388 174/492/387
f 125/493/388 171/494/389 173/491/388
f 129/112/90 170/477/383 137/110/88
f 137/110/88 169/479/382 138/113/91
f 138/123/91 168/482/380 144/119/97
f 144/119/97 166/484/381 130/117/95
f 172/487/385 156/136/110 148/133/107
f 175/486/386 157/495/117 156/136/110
f 174/492/387 163/142/114 157/147/117
f 173/491/388 149/143/115 163/142/114
f 178/167/134 79/496/362 190/165/132
f 190/165/132 78/497/360 191/157/124
f 191/498/124 77/427/358 181/150/119
f 181/150/119 75/424/355 176/151/120
f 71/499/390 209/186/151 197/188/153
f 74/500/391 210/501/142 209/186/151
f 73/502/392 200/171/138 210/175/142
f 72/503/393 195/172/139 200/171/138
f 147/127/101 187/160/127 150/125/99
f 150/125/99 180/152/121 151/128/102
f 151/128/102 179/154/118 158/138/109
f 158/135/109 176/151/120 148/133/107
f 197/188/153 142/120/98 130/117/95
f 211/187/152 143/504/85 142/120/98
f 205/181/148 133/103/81 143/107/85
f 204/183/145 128/104/82 133/103/81
f 196/505/147 185/506/126 177/507/128
f 206/179/146 186/508/136 185/509/126
f 199/173/140 192/510/133 186/508/136
f 198/170/137 178/511/134 192/510/133
f 384/512/394 218/513/395 215/514/396
f 387/515/397 217/516/398 218/513/395
f 386/517/399 216/518/400 217/519/398
f 385/520/401 214/521/402 216/518/400
f 392/522/403 243/220/177 389/523/404
f 391/524/405 248/218/175 392/522/403
f 390/525/406 258/238/180 391/526/405
f 388/527/407 257/236/191 390/525/406
f 316/528/408 235/202/164 225/204/166
f 319/529/409 228/207/160 235/202/164
f 318/530/410 227/195/157 228/198/160
f 317/531/411 224/196/158 227/195/157
f 397/532/412 263/533/413 394/534/413
f 397/532/412 265/535/414 266/536/415
f 395/537/416 265/538/414 396/539/417
f 393/540/418 264/541/419 395/537/416
f 402/542/420 291/268/215 399/543/421
f 401/544/422 296/266/213 402/542/420
f 400/545/423 306/286/218 401/546/422
f 398/547/381 305/283/228 400/545/423
f 321/548/424 283/250/202 273/252/204
f 324/549/425 276/255/198 283/250/202
f 323/550/426 275/243/195 276/246/198
f 322/551/427 272/244/196 275/243/195
f 417/552/428 274/260/210 414/553/429
f 416/554/430 288/258/208 417/552/428
f 415/555/431 282/254/206 416/556/430
f 413/557/432 281/251/203 415/555/431
f 451/558/433 245/234/189 448/559/434
f 450/560/435 259/240/193 451/558/433
f 449/561/436 253/230/187 450/562/435
f 447/563/437 252/227/184 449/561/436
f 246/219/176 316/528/408 243/220/177
f 247/222/179 319/529/409 246/219/176
f 254/226/183 318/530/410 247/231/179
f 244/228/185 317/531/411 254/226/183
f 300/275/222 321/548/424 292/276/223
f 301/278/225 324/549/425 300/275/222
f 307/282/227 323/550/426 301/287/225
f 293/284/229 322/551/427 307/282/227
f 404/564/402 348/565/438 345/566/439
f 407/567/440 347/568/441 348/565/438
f 406/569/399 346/570/442 347/571/441
f 405/572/397 344/573/396 346/570/442
f 412/574/443 354/316/254 409/575/444
f 411/576/445 359/314/252 412/574/443
f 410/577/446 369/319/447 411/578/445
f 408/579/404 368/334/268 410/577/446
f 377/580/411 325/292/234 374/581/448
f 376/582/449 330/290/232 377/580/411
f 375/583/409 340/295/237 376/584/449
f 373/585/408 339/310/248 375/583/409
f 355/326/263 377/580/411 374/581/448
f 363/325/262 376/582/449 377/580/411
f 364/328/265 375/583/409 376/584/449
f 370/333/267 373/585/408 375/583/409
f 357/315/253 379/586/434 354/316/254
f 358/318/435 382/587/433 357/315/253
f 365/324/261 381/588/435 358/330/435
f 355/326/263 380/589/436 365/324/261
f 312/590/428 326/302/242 310/591/429
f 313/592/430 336/300/240 312/590/428
f 314/593/431 329/294/430 313/594/430
f 311/595/432 328/291/233 314/593/431
f 225/204/166 387/515/397 384/512/394
f 233/203/165 386/596/399 387/515/397
f 234/597/168 385/520/401 386/517/399
f 240/214/173 383/598/402 385/520/401
f 221/599/450 389/523/404 219/600/451
f 222/601/452 392/522/403 221/599/450
f 223/602/453 391/526/405 222/603/452
f 220/604/407 390/525/406 223/602/453
f 286/259/209 394/534/413 274/260/210
f 287/262/199 397/532/412 286/259/209
f 277/242/194 396/539/417 287/247/199
f 272/244/196 395/537/416 277/242/194
f 269/605/454 399/543/421 267/606/384
f 269/605/454 401/544/422 402/542/420
f 271/607/380 401/546/422 270/608/382
f 268/609/381 400/545/423 271/607/380
f 326/302/242 407/567/440 404/564/402
f 334/301/241 406/576/399 407/567/440
f 335/304/455 405/572/397 406/569/399
f 341/309/247 403/610/394 405/572/397
f 351/611/456 409/575/444 349/612/407
f 352/568/452 412/574/443 351/611/456
f 353/613/457 411/578/445 352/614/452
f 350/615/451 410/577/446 353/613/457
f 456/616/428 414/553/429 453/617/429
f 455/618/430 417/552/428 456/616/428
f 454/619/431 416/556/430 455/620/430
f 452/621/432 415/555/431 454/619/431
f 294/267/214 418/622/434 291/268/215
f 294/267/214 421/623/435 420/624/433
f 302/274/221 421/625/435 295/279/217
f 292/276/223 422/626/436 302/274/221
f 462/359/293 433/338/272 428/340/274
f 466/361/295 433/338/272 465/358/292
f 473/365/299 443/343/277 466/361/295
f 463/367/301 442/353/287 473/365/299
f 423/627/458 444/352/286 430/354/288
f 425/628/459 438/350/284 444/352/286
f 426/629/460 437/347/281 438/350/284
f 427/630/461 429/348/282 437/347/281
f 420/624/433 448/559/434 418/622/434
f 421/623/435 451/558/433 420/624/433
f 422/626/436 450/562/435 421/625/435
f 419/631/437 449/561/436 422/626/436
f 238/212/172 453/617/429 226/210/170
f 239/213/161 456/616/428 238/212/172
f 229/194/156 455/620/430 239/199/161
f 224/196/158 454/619/431 229/194/156
f 459/632/462 464/373/307 457/633/463
f 460/634/464 478/371/305 459/632/462
f 461/635/465 472/369/303 460/634/464
f 458/636/466 471/366/300 461/635/465
f 505/391/325 511/405/339 493/392/326
f 506/381/315 521/403/337 505/391/325
f 496/376/310 514/399/333 506/381/315
f 491/378/312 513/396/330 496/376/310
f 486/637/467 526/409/343 512/411/345
f 488/638/468 520/407/341 526/409/343
f 489/639/460 519/404/338 520/407/341
f 490/640/469 511/405/339 519/404/338
f 483/641/465 493/392/326 481/642/466
f 484/643/464 507/390/324 483/641/465
f 485/644/462 501/388/322 484/643/464
f 482/645/470 500/385/319 485/644/462
f 464/373/307 502/384/318 492/386/320
f 476/372/306 495/380/314 502/384/318
f 477/362/296 494/377/311 495/380/314
f 467/357/291 491/378/312 494/377/311
f 524/410/344 429/348/282 512/411/345
f 525/400/334 439/346/280 524/410/344
f 515/395/329 432/342/276 525/400/334
f 510/397/331 431/339/273 515/395/329
f 28/646/471 81/67/52 22/450/374
f 1047/647/2 80/648/44 1048/649/2
f 2/1/1 1079/650/1 1065/651/1
f 100/457/71 32/12/6 82/444/59
f 1033/652/472 33/20/14 52/653/33
f 1048/649/2 34/654/21 1034/655/364
f 4/3/1 1058/426/357 1079/650/1
f 76/656/473 195/172/139 70/657/474
f 3/658/2 197/659/153 6/5/2
f 4/3/1 176/151/120 75/424/355
f 1049/660/1 1090/661/349 1113/662/1
f 646/663/389 1143/664/384 1127/665/389
f 167/475/384 123/666/389 119/667/384
f 5/6/2 166/668/381 118/669/381
f 7/414/1 172/487/385 8/2/1
f 129/112/90 171/670/389 167/475/384
f 6/5/2 130/671/95 166/668/381
f 177/507/128 128/104/82 196/505/147
f 8/2/1 148/133/107 176/151/120
f 383/598/402 458/636/466 214/521/402
f 215/514/396 403/610/394 384/512/394
f 19/9/3 388/527/407 220/604/407
f 408/579/404 219/600/451 389/523/404
f 20/672/475 224/196/158 315/673/448
f 327/311/249 316/528/408 225/204/166
f 384/512/394 327/311/249 225/204/166
f 226/210/170 463/367/301 383/598/402
f 21/8/3 245/234/189 388/527/407
f 447/563/437 315/673/448 244/228/185
f 316/528/408 356/335/269 243/220/177
f 356/335/269 389/523/404 243/220/177
f 393/540/418 9/674/2 262/675/418
f 394/534/413 423/627/458 430/354/288
f 14/676/2 268/609/381 9/674/2
f 267/606/384 18/677/3 16/7/3
f 272/244/196 14/676/2 393/540/418
f 321/548/424 413/557/432 17/678/475
f 274/260/210 430/354/288 414/553/429
f 399/543/421 418/622/434 18/677/3
f 320/679/476 398/547/381 14/676/2
f 292/276/223 17/678/475 419/631/437
f 311/595/432 374/581/448 325/292/234
f 13/680/477 326/302/242 404/564/402
f 10/681/477 404/564/402 345/566/439
f 15/682/3 349/612/407 409/575/444
f 379/586/434 409/575/444 354/316/254
f 12/683/475 355/326/263 374/581/448
f 17/678/475 452/621/432 20/672/475
f 414/553/429 463/367/301 453/617/429
f 18/677/3 448/559/434 21/8/3
f 419/631/437 20/672/475 447/563/437
f 424/684/478 512/411/345 429/348/282
f 510/397/331 462/359/293 428/340/274
f 492/386/320 457/633/463 464/373/307
f 511/685/339 481/686/466 493/687/326
f 1057/688/1 1128/689/1 1131/690/1
f 536/691/1 530/692/1 532/693/1
f 529/694/2 534/695/2 531/696/2
f 544/697/3 16/7/3 19/9/3
f 560/698/479 558/699/480 555/700/481
f 558/699/480 562/701/482 559/702/483
f 560/698/479 573/703/484 561/704/485
f 561/704/485 563/705/486 562/701/482
f 566/706/487 564/707/488 556/708/489
f 567/709/490 565/710/491 564/707/488
f 559/702/483 567/709/490 566/706/487
f 562/701/482 568/711/492 567/709/490
f 571/712/493 569/713/494 557/714/495
f 572/715/496 570/716/497 569/713/494
f 571/712/493 568/717/492 572/715/496
f 572/718/496 563/705/486 573/703/484
f 579/719/498 577/720/499 574/721/500
f 577/720/499 581/722/501 578/723/502
f 589/724/503 580/725/504 579/726/498
f 580/725/504 582/727/505 581/728/501
f 585/729/506 583/730/507 575/731/508
f 586/732/509 584/733/510 583/730/507
f 578/734/502 586/732/509 585/729/506
f 581/728/501 587/735/511 586/732/509
f 590/736/512 588/737/513 576/738/514
f 588/737/513 592/739/515 589/724/503
f 590/736/512 587/735/511 591/740/516
f 591/740/516 582/727/505 592/739/515
f 608/741/517 606/742/518 603/743/519
f 606/742/518 610/744/520 607/745/521
f 608/741/517 621/746/522 609/747/523
f 609/748/523 611/749/524 610/750/520
f 614/751/525 612/752/526 604/753/527
f 615/754/528 613/755/529 612/752/526
f 607/756/521 615/754/528 614/751/525
f 610/750/520 616/757/530 615/754/528
f 619/758/531 617/759/532 605/760/533
f 620/761/534 618/762/535 617/763/532
f 619/758/531 616/757/530 620/764/534
f 620/764/534 611/749/524 621/765/522
f 627/766/536 625/767/537 622/768/538
f 625/769/537 629/770/539 626/771/540
f 627/766/536 640/772/541 628/773/542
f 628/774/542 630/775/543 629/770/539
f 633/776/544 631/777/545 623/778/546
f 631/777/545 635/779/547 632/780/548
f 626/771/540 634/781/549 633/776/544
f 634/781/549 630/775/543 635/779/547
f 638/782/550 636/783/551 624/784/552
f 639/785/553 637/786/554 636/783/551
f 632/780/548 639/785/553 638/782/550
f 635/779/547 640/787/541 639/785/553
f 656/788/555 654/789/556 651/790/557
f 657/791/558 655/792/559 654/789/556
f 666/793/560 657/791/558 656/788/555
f 657/791/558 659/794/561 658/795/562
f 662/796/563 660/797/564 652/798/565
f 663/799/566 661/800/567 660/797/564
f 655/792/559 663/799/566 662/796/563
f 658/795/562 664/801/568 663/799/566
f 653/802/569 668/803/570 665/804/571
f 665/804/571 669/805/572 666/806/560
f 667/807/573 664/808/568 668/803/570
f 668/809/570 659/794/561 669/810/572
f 675/811/574 673/812/575 670/813/576
f 676/814/577 674/815/578 673/812/575
f 685/816/579 676/814/577 675/811/574
f 676/814/577 678/817/580 677/818/581
f 671/819/582 682/820/583 679/821/584
f 679/822/584 683/823/585 680/824/586
f 681/825/587 677/818/581 682/826/583
f 682/826/583 678/817/580 683/823/585
f 686/827/588 684/828/589 672/829/590
f 687/830/591 685/816/579 684/828/589
f 680/824/586 687/830/591 686/827/588
f 683/823/585 688/831/592 687/830/591
f 704/832/593 702/833/594 699/834/595
f 705/835/596 703/836/597 702/837/594
f 704/832/593 717/838/598 705/839/596
f 705/835/596 707/840/599 706/841/600
f 710/842/601 708/843/602 700/844/603
f 708/843/602 712/845/604 709/846/605
f 703/836/597 711/847/606 710/842/601
f 711/847/606 707/840/599 712/845/604
f 715/848/607 713/849/608 701/850/609
f 716/851/610 714/852/611 713/849/608
f 709/846/605 716/851/610 715/848/607
f 712/845/604 717/853/598 716/851/610
f 723/854/612 721/855/613 718/856/614
f 724/857/615 722/858/616 721/855/613
f 733/859/617 724/857/615 723/854/612
f 736/860/618 725/861/619 724/857/615
f 729/862/620 727/863/621 719/864/622
f 730/865/623 728/866/624 727/867/621
f 729/862/620 725/861/619 730/868/623
f 730/868/623 726/869/625 731/870/626
f 734/871/627 732/872/628 720/873/629
f 732/872/628 736/874/618 733/875/617
f 728/876/624 735/877/630 734/871/627
f 735/878/630 726/869/625 736/860/618
f 740/879/631 742/880/632 737/881/633
f 741/882/634 743/883/635 740/879/631
f 743/883/635 752/884/636 742/880/632
f 743/883/635 745/885/637 755/886/638
f 746/887/639 748/888/640 738/889/641
f 747/890/642 749/891/643 746/887/639
f 749/891/643 741/892/634 748/888/640
f 749/891/643 745/893/637 744/894/644
f 739/895/645 754/896/646 753/897/647
f 752/898/636 754/896/646 751/899/648
f 753/897/647 750/900/649 747/901/642
f 754/896/646 745/902/637 750/900/649
f 759/903/650 761/904/651 756/905/652
f 760/906/653 762/907/654 759/903/650
f 762/907/654 771/908/655 761/904/651
f 762/907/654 764/909/656 774/910/657
f 765/911/658 767/912/659 757/913/660
f 766/914/661 768/915/662 765/911/658
f 768/915/662 760/916/653 767/912/659
f 768/915/662 764/917/656 763/918/663
f 758/919/664 773/920/665 772/921/666
f 770/922/667 774/923/657 773/920/665
f 773/920/665 766/924/661 772/921/666
f 773/920/665 764/925/656 769/926/668
f 778/927/669 780/928/670 775/929/671
f 779/930/672 781/931/673 778/927/669
f 781/931/673 790/932/674 780/928/670
f 781/931/673 783/933/675 793/934/676
f 784/935/677 786/936/678 776/937/679
f 785/938/680 787/939/681 784/935/677
f 787/939/681 779/940/672 786/936/678
f 787/939/681 783/941/675 782/942/682
f 789/943/683 791/944/684 777/945/685
f 790/946/674 792/947/686 789/943/683
f 792/947/686 785/948/680 791/944/684
f 792/947/686 783/949/675 788/950/687
f 797/951/688 799/952/689 794/953/690
f 798/954/691 800/955/692 797/951/688
f 800/955/692 809/956/693 799/952/689
f 800/955/692 802/957/694 812/958/695
f 803/959/696 805/960/697 795/961/698
f 804/962/699 806/963/700 803/959/696
f 806/963/700 798/964/691 805/960/697
f 806/963/700 802/965/694 801/966/701
f 808/967/702 810/968/703 796/969/704
f 809/970/693 811/971/705 808/967/702
f 811/971/705 804/972/699 810/968/703
f 811/971/705 802/973/694 807/974/706
f 831/975/707 833/976/708 828/977/709
f 832/978/710 834/979/711 831/975/707
f 834/980/711 843/981/712 833/982/708
f 834/980/711 836/983/713 846/984/714
f 837/985/715 839/986/716 829/987/717
f 838/988/718 840/989/719 837/990/720
f 840/991/719 832/992/710 839/986/716
f 840/989/719 836/983/713 835/993/721
f 842/994/722 844/995/723 830/996/724
f 843/981/712 845/997/725 842/994/722
f 845/997/725 838/988/718 844/995/723
f 846/984/714 841/998/726 845/997/725
f 850/999/727 852/1000/728 847/1001/729
f 851/1002/730 853/1003/731 850/999/727
f 853/1004/731 862/1005/732 852/1006/733
f 853/1004/731 855/1007/734 865/1008/735
f 856/1009/736 858/1010/737 848/1011/738
f 857/1012/739 859/1013/740 856/1014/736
f 859/1015/740 851/1016/730 858/1010/737
f 859/1013/740 855/1007/734 854/1017/741
f 861/1018/742 863/1019/743 849/1020/744
f 862/1005/732 864/1021/745 861/1018/742
f 864/1021/745 857/1012/739 863/1019/743
f 865/1008/735 860/1022/746 864/1021/745
f 919/1023/747 921/1024/748 916/1025/749
f 920/1026/750 922/1027/751 919/1023/747
f 922/1027/751 931/1028/752 921/1024/748
f 922/1027/751 924/1029/753 934/1030/754
f 925/1031/755 927/1032/756 917/1033/757
f 926/1034/758 928/1035/759 925/1031/755
f 928/1035/759 920/1026/750 927/1032/756
f 928/1035/759 924/1029/753 923/1036/760
f 930/1037/761 932/1038/762 918/1039/763
f 931/1028/752 933/1040/764 930/1037/761
f 933/1040/764 926/1034/758 932/1038/762
f 934/1030/754 929/1041/765 933/1040/764
f 948/1042/766 950/1043/767 945/1044/768
f 949/1045/769 951/1046/770 948/1042/766
f 951/1046/770 960/1047/771 950/1043/767
f 951/1046/770 953/1048/772 963/1049/773
f 954/1050/774 956/1051/775 946/1052/776
f 955/1053/777 957/1054/778 954/1050/774
f 957/1054/778 949/1045/769 956/1051/775
f 958/1055/779 952/1056/780 957/1054/778
f 959/1057/781 961/1058/782 947/1059/783
f 960/1047/771 962/1060/784 959/1057/781
f 962/1060/784 955/1053/777 961/1058/782
f 962/1060/784 953/1048/772 958/1055/779
f 967/1061/785 969/1062/786 964/1063/787
f 968/1064/788 970/1065/789 967/1061/785
f 970/1065/789 979/1066/790 969/1062/786
f 970/1065/789 972/1067/791 982/1068/792
f 973/1069/793 975/1070/794 965/1071/795
f 974/1072/796 976/1073/797 973/1069/793
f 976/1073/797 968/1064/788 975/1070/794
f 976/1073/797 972/1067/791 971/1074/798
f 978/1075/799 980/1076/800 966/1077/801
f 979/1066/790 981/1078/802 978/1075/799
f 981/1078/802 974/1072/796 980/1076/800
f 982/1068/792 977/1079/803 981/1078/802
f 986/1080/804 988/1081/805 983/1082/806
f 987/1083/807 989/1084/808 986/1080/804
f 989/1084/808 998/1085/809 988/1081/805
f 989/1084/808 991/1086/810 1001/1087/811
f 992/1088/812 994/1089/813 984/1090/814
f 993/1091/815 995/1092/816 992/1088/812
f 995/1092/816 987/1083/807 994/1089/813
f 996/1093/817 990/1094/818 995/1092/816
f 997/1095/819 999/1096/820 985/1097/821
f 998/1085/809 1000/1098/822 997/1095/819
f 1000/1098/822 993/1091/815 999/1096/820
f 1000/1098/822 991/1086/810 996/1093/817
f 1080/1099/823 598/1100/824 1066/1101/825
f 1081/1102/826 600/1103/827 1080/1099/823
f 1082/1104/828 601/1105/829 1081/1106/826
f 1083/1107/830 602/1108/831 1082/1104/828
f 558/699/480 576/1109/514 555/700/481
f 559/702/483 590/1110/512 558/699/480
f 566/706/487 584/1111/510 559/702/483
f 556/708/489 583/1112/507 566/706/487
f 1040/1113/832 571/712/493 557/714/495
f 1051/1114/833 565/1115/491 571/712/493
f 1052/1116/834 564/707/488 565/710/491
f 1053/1117/835 556/708/489 564/707/488
f 605/1118/533 560/698/479 555/700/481
f 617/763/532 570/1119/497 560/698/479
f 618/1120/535 569/713/494 570/716/497
f 608/741/517 557/714/495 569/713/494
f 624/784/552 554/1121/353 551/1122/836
f 636/783/551 553/1123/351 554/1121/353
f 637/1124/554 552/417/348 553/420/351
f 627/766/536 550/1125/837 552/417/348
f 547/1126/838 604/753/527 545/1127/839
f 548/1128/840 614/751/525 547/1126/838
f 549/1129/841 607/745/521 548/1130/840
f 546/1131/842 606/742/518 549/1129/841
f 588/737/513 623/778/546 576/738/514
f 589/724/503 633/776/544 588/737/513
f 579/726/498 626/771/540 589/724/503
f 574/721/500 625/767/537 579/719/498
f 631/456/545 605/1118/533 623/1132/546
f 632/1133/548 619/758/531 631/1134/545
f 638/1135/550 613/755/529 632/1133/548
f 624/1136/552 612/752/526 638/1135/550
f 651/790/557 675/1137/574 670/1138/576
f 654/789/556 685/1139/579 675/1137/574
f 662/796/563 685/1139/579 655/792/559
f 652/798/565 684/1140/589 662/796/563
f 690/1141/384 645/469/383 642/1142/384
f 693/1143/383 644/1144/382 645/469/383
f 692/1145/382 643/464/380 644/467/382
f 691/1146/380 641/1147/381 643/464/380
f 698/1148/386 647/1149/385 695/1150/385
f 697/1151/387 650/1152/386 698/1148/386
f 696/1153/388 649/1154/387 697/1155/387
f 694/1156/389 648/1157/388 696/1153/388
f 652/798/565 693/1143/383 690/1141/384
f 660/797/564 692/1158/382 693/1143/383
f 661/1159/567 691/1146/380 692/1145/382
f 667/807/573 689/1160/381 691/1146/380
f 679/821/584 695/1150/385 671/819/582
f 680/1161/586 698/1148/386 679/821/584
f 686/827/588 697/1155/387 680/824/586
f 672/829/590 696/1153/388 686/827/588
f 701/850/609 602/1162/831 599/1163/843
f 713/849/608 601/1164/829 602/1162/831
f 714/1165/611 600/1103/827 601/1166/829
f 704/832/593 598/1100/824 600/1103/827
f 732/872/628 594/1167/844 720/873/629
f 733/875/617 597/1168/845 732/872/628
f 723/854/612 596/1169/846 733/859/617
f 718/856/614 595/1170/847 723/854/612
f 670/813/576 710/842/601 700/844/603
f 673/812/575 703/836/597 710/842/601
f 674/815/578 702/837/594 703/836/597
f 681/1171/587 699/834/595 702/833/594
f 665/804/571 720/873/629 653/802/569
f 666/806/560 734/871/627 665/804/571
f 656/788/555 728/866/624 666/793/560
f 651/790/557 727/867/621 656/788/555
f 708/1172/602 719/1173/622 700/1174/603
f 709/1175/605 729/862/620 708/1176/602
f 715/1177/607 722/858/616 709/1175/605
f 701/1178/609 721/855/613 715/1177/607
f 877/1179/394 218/513/395 880/1180/397
f 880/1180/397 217/516/398 879/1181/399
f 879/1182/399 216/518/400 878/1183/848
f 878/1183/848 214/521/402 876/1184/849
f 756/905/652 885/1185/403 882/1186/404
f 761/904/651 884/1187/405 885/1185/403
f 771/1188/655 883/1189/406 884/1190/405
f 770/922/667 881/1191/407 883/1189/406
f 819/1192/850 748/888/640 822/1193/851
f 822/1193/851 741/892/634 821/1194/852
f 821/1195/852 740/879/631 820/1196/853
f 820/1196/853 737/881/633 818/1197/854
f 263/533/413 890/1198/412 887/1199/413
f 266/536/415 889/1200/414 890/1198/412
f 265/538/414 888/1201/419 889/1202/414
f 264/541/419 886/1203/418 888/1201/419
f 794/953/690 895/1204/420 892/1205/421
f 799/952/689 894/1206/422 895/1204/420
f 809/970/693 893/1207/423 894/1208/422
f 808/967/702 891/1209/381 893/1207/423
f 824/1210/855 786/936/678 827/1211/856
f 827/1211/856 779/940/672 826/530/857
f 826/1212/857 778/927/669 825/1213/858
f 825/1213/858 775/929/671 823/1214/859
f 777/945/685 910/1215/860 907/1216/861
f 791/944/684 909/1217/862 910/1215/860
f 785/938/680 908/1218/863 909/1219/862
f 784/935/677 906/1220/864 908/1218/863
f 758/919/664 939/1221/865 936/1222/866
f 772/921/666 938/1223/867 939/1221/865
f 766/914/661 937/1224/868 938/1225/867
f 765/911/658 935/1226/869 937/1224/868
f 819/1192/850 759/903/650 756/905/652
f 822/1193/851 760/906/653 759/903/650
f 821/1195/852 767/912/659 760/916/653
f 820/1196/853 757/913/660 767/912/659
f 824/1210/855 803/959/696 795/961/698
f 827/1211/856 804/962/699 803/959/696
f 826/1212/857 810/968/703 804/972/699
f 825/1213/858 796/969/704 810/968/703
f 897/1227/402 348/565/438 900/1228/440
f 900/1228/440 347/568/441 899/1229/399
f 899/1230/399 346/570/442 898/1231/397
f 898/1231/397 344/573/396 896/1232/394
f 847/1001/729 905/1233/443 902/1234/444
f 852/1000/728 904/1229/445 905/1233/443
f 862/1005/870 903/1235/446 904/1236/445
f 861/1018/742 901/1237/404 903/1235/446
f 828/977/709 870/1238/871 867/1239/872
f 833/976/708 869/1240/852 870/1238/871
f 843/981/712 868/1241/851 869/1242/852
f 842/994/722 866/1243/850 868/1241/851
f 848/1011/738 870/1238/871 856/1009/736
f 856/1009/736 869/1240/852 857/1244/739
f 857/1012/739 868/1241/851 863/1019/743
f 863/1019/743 866/1243/850 849/1020/744
f 872/1245/866 850/999/727 847/1001/729
f 875/1246/873 851/1002/867 850/999/727
f 874/1247/867 858/1010/737 851/1016/867
f 873/1248/868 848/1011/738 858/1010/737
f 829/987/717 815/1249/874 813/1250/861
f 839/986/716 816/1251/875 815/1249/874
f 832/978/876 817/1252/863 816/1253/875
f 831/975/707 814/1254/864 817/1252/863
f 738/889/641 880/1180/397 746/887/639
f 746/887/639 879/1181/399 747/890/642
f 747/901/642 878/1183/848 753/897/647
f 753/897/647 876/1184/849 739/895/645
f 882/1186/404 221/599/450 219/600/451
f 885/1185/403 222/601/452 221/599/450
f 884/1190/405 223/602/453 222/603/452
f 883/1189/406 220/604/407 223/602/453
f 887/1199/413 789/943/683 777/945/685
f 890/1198/412 790/946/674 789/943/683
f 889/1202/414 780/928/670 790/932/674
f 888/1201/419 775/929/671 780/928/670
f 892/1205/421 269/605/454 267/606/384
f 895/1204/420 270/1255/382 269/605/454
f 894/1208/422 271/607/380 270/608/382
f 893/1207/423 268/609/381 271/607/380
f 829/987/717 900/1228/440 837/985/715
f 837/985/715 899/1229/399 838/1256/877
f 838/988/877 898/1231/397 844/995/723
f 844/995/723 896/1232/394 830/996/724
f 902/1234/444 351/611/456 349/612/407
f 905/1233/443 352/568/452 351/611/456
f 904/1236/445 353/613/457 352/614/452
f 903/1235/446 350/615/451 353/613/457
f 907/1216/861 944/1257/860 941/1258/861
f 910/1215/860 943/1259/862 944/1257/860
f 909/1219/862 942/1260/863 943/1261/862
f 908/1218/863 940/1262/864 942/1260/863
f 911/1263/866 797/951/688 794/953/690
f 797/951/688 914/1264/867 798/954/691
f 914/1265/867 805/960/697 798/964/691
f 915/1266/868 795/961/698 805/960/697
f 945/1044/768 921/1024/748 948/1042/766
f 921/1024/748 949/1045/769 948/1042/766
f 931/1028/752 956/1051/775 949/1045/769
f 930/1037/761 946/1052/776 956/1051/775
f 423/627/458 932/1038/762 425/628/459
f 425/628/459 926/1034/758 426/629/460
f 426/629/460 925/1031/755 427/630/461
f 427/630/461 917/1033/757 424/684/478
f 936/1222/866 913/1267/865 911/1263/866
f 939/1221/865 914/1264/867 913/1267/865
f 938/1225/867 915/1266/868 914/1265/867
f 937/1224/868 912/1268/869 915/1266/868
f 941/1258/861 751/899/648 739/895/645
f 944/1257/860 752/898/636 751/899/648
f 943/1261/862 742/880/632 752/884/636
f 942/1260/863 737/881/633 742/880/632
f 947/1059/783 459/632/462 457/633/463
f 961/1058/782 460/634/464 459/632/462
f 955/1053/777 461/635/465 460/634/464
f 954/1050/774 458/636/466 461/635/465
f 984/1090/814 978/1075/799 966/1077/801
f 994/1089/813 979/1066/790 978/1075/799
f 987/1083/807 969/1062/786 979/1066/790
f 986/1080/804 964/1063/787 969/1062/786
f 486/637/467 999/1096/820 488/638/468
f 488/638/468 993/1091/815 489/639/460
f 489/639/460 992/1088/812 490/640/469
f 490/640/469 984/1090/814 487/1269/458
f 966/1077/801 483/641/465 481/642/466
f 980/1076/800 484/643/464 483/641/465
f 974/1072/796 485/644/462 484/643/464
f 973/1069/793 482/645/470 485/644/462
f 947/1059/783 975/1070/794 959/1057/781
f 959/1057/781 968/1064/788 960/1047/771
f 960/1047/771 967/1061/785 950/1043/767
f 950/1043/767 964/1063/787 945/1044/768
f 917/1033/757 997/1095/819 985/1097/821
f 927/1032/756 998/1085/809 997/1095/819
f 920/1026/750 988/1081/805 998/1085/809
f 919/1023/747 983/1082/806 988/1081/805
f 604/753/527 551/1270/836 545/1127/839
f 1055/1271/2 603/1272/519 546/1273/842
f 1085/1274/1 530/692/1 1073/1275/1
f 555/700/481 623/1132/546 605/1118/533
f 1039/1276/878 556/708/489 1054/1277/879
f 1056/1278/2 557/1279/495 603/1272/519
f 1066/1101/825 532/693/1 1085/1274/1
f 718/856/614 599/1280/843 593/1281/880
f 531/696/2 720/1282/629 594/1283/844
f 699/834/595 532/693/1 598/1100/824
f 646/663/389 690/1141/384 642/1142/384
f 533/1284/2 689/1285/381 534/695/2
f 695/1150/385 535/1286/1 536/691/1
f 694/1287/389 652/798/565 690/1141/384
f 534/695/2 653/1288/569 720/1282/629
f 651/790/557 700/1174/603 719/1173/622
f 671/819/582 536/691/1 699/834/595
f 876/1184/849 458/636/466 946/1052/776
f 215/514/396 896/1232/394 344/573/396
f 881/1191/407 19/9/3 220/604/407
f 219/600/451 901/1237/404 882/1186/404
f 737/881/633 543/1289/881 818/1197/854
f 819/1192/850 830/996/724 738/889/641
f 877/1179/394 830/996/724 896/1232/394
f 739/895/645 946/1052/776 941/1258/861
f 758/919/664 544/697/3 881/1191/407
f 818/1197/854 935/1226/869 757/913/660
f 819/1192/850 849/1020/744 866/1243/850
f 882/1186/404 849/1020/744 756/905/652
f 9/674/2 886/1203/418 262/675/418
f 423/627/458 887/1199/413 918/1039/763
f 268/609/381 539/1290/2 9/674/2
f 542/1291/3 267/606/384 16/7/3
f 539/1290/2 775/929/671 886/1203/418
f 906/1220/864 824/1210/855 541/1292/881
f 918/1039/763 777/945/685 907/1216/861
f 911/1263/866 892/1205/421 542/1291/3
f 891/1209/381 823/1214/859 539/1290/2
f 541/1292/881 795/961/698 912/1268/869
f 867/1239/872 814/1254/864 828/977/709
f 829/987/717 538/1293/477 897/1227/402
f 897/1227/402 10/681/477 345/566/439
f 349/612/407 540/1294/3 902/1234/444
f 902/1234/444 872/1245/866 847/1001/729
f 848/1011/738 537/1295/881 867/1239/872
f 940/1262/864 541/1292/881 543/1289/881
f 946/1052/776 907/1216/861 941/1258/861
f 936/1222/866 542/1291/3 544/697/3
f 543/1289/881 912/1268/869 935/1226/869
f 424/684/478 985/1097/821 486/637/467
f 945/1044/768 983/1082/806 916/1025/749
f 457/633/463 965/1071/795 947/1059/783
f 481/686/466 984/1296/814 966/1297/801
f 1050/1298/882 1029/1299/1 1041/1300/1
f 1072/1301/2 1021/1302/883 1027/1303/2
f 1083/1304/830 1025/1305/884 1070/1306/885
f 1041/1300/1 1028/1307/1 1057/688/1
f 1071/1308/2 1027/1303/2 1026/1309/2
f 1069/1310/886 1025/1305/884 1024/1311/887
f 1068/1312/888 1024/1311/887 1023/1313/889
f 1067/1314/890 1023/1315/889 1022/1316/891
f 1084/1317/892 1022/1316/891 1021/1318/883
f 1039/1319/878 1019/1320/893 1038/1321/894
f 1038/1321/894 1018/1322/895 1037/1323/896
f 1037/1324/896 1017/1325/897 1036/1326/898
f 1036/1326/898 1016/1327/899 1050/1298/882
f 1015/1328/1 1042/1329/900 1035/1330/1
f 1064/1331/2 1007/1332/901 1078/1333/902
f 1077/1334/363 1011/1335/903 1006/1336/904
f 1014/1337/1 1035/1330/1 1049/660/1
f 1063/1338/2 1013/1339/2 1064/1331/2
f 1061/1340/905 1011/1335/903 1062/1341/906
f 1060/1342/907 1010/1343/908 1061/1340/905
f 1059/1344/909 1009/1345/910 1060/1346/907
f 1078/1347/902 1008/1348/911 1059/1344/909
f 1005/1349/912 1033/1350/472 1032/1351/913
f 1004/1352/914 1032/1351/913 1031/1353/915
f 1003/1354/916 1031/1355/915 1030/1356/917
f 1002/1357/918 1030/1356/917 1042/1329/900
f 1042/1329/900 54/33/23 51/35/25
f 1030/1356/917 55/1358/36 54/33/23
f 1031/1353/915 62/44/32 55/48/36
f 1032/1351/913 52/45/33 62/44/32
f 1049/660/1 99/82/63 27/448/372
f 1035/1330/1 51/35/25 99/82/63
f 577/720/499 1050/1298/882 574/721/500
f 578/723/502 1036/1326/898 577/720/499
f 585/729/506 1037/1323/896 578/734/502
f 575/731/508 1038/1321/894 585/729/506
f 622/768/538 1057/688/1 550/1125/837
f 574/721/500 1041/1300/1 622/768/538
f 1027/1303/2 1040/1359/832 1056/1278/2
f 1020/1360/919 1054/1277/879 1025/1305/884
f 1026/1309/2 1056/1278/2 1055/1271/2
f 1024/1311/887 1054/1277/879 1053/1117/835
f 1023/1313/889 1053/1117/835 1052/1116/834
f 1022/1316/891 1052/1361/834 1051/1114/833
f 1021/1318/883 1051/1114/833 1040/1113/832
f 1013/1339/2 1034/655/364 1007/1332/901
f 1006/1336/904 1046/443/368 1033/652/472
f 1012/1362/2 1048/649/2 1013/1339/2
f 1010/1343/908 1046/443/368 1011/1335/903
f 1009/1363/910 1045/442/367 1010/1343/908
f 1008/1348/911 1044/440/366 1009/1345/910
f 1007/1364/901 1043/439/365 1008/1348/911
f 1055/1271/2 1139/1365/920 1130/1366/2
f 1026/1309/2 1130/1366/2 1129/1367/2
f 1073/1275/1 1133/1368/1 1145/1369/1
f 1117/1370/1 647/1149/385 1144/1371/385
f 641/1372/381 1134/1373/2 1123/1374/381
f 545/1127/839 1138/1375/921 1122/1376/379
f 1063/1338/2 1086/1377/2 1114/1378/2
f 123/1379/389 1108/1380/388 1109/1381/389
f 125/493/388 1107/1382/387 1108/1380/388
f 126/1383/387 1106/1384/386 1107/1385/387
f 127/488/386 1105/1386/385 1106/1384/386
f 642/1142/384 1142/471/383 1143/664/384
f 24/449/373 1097/1387/922 1098/462/378
f 25/454/375 1096/1388/923 1097/1389/922
f 26/453/376 1095/1390/920 1096/1388/923
f 551/1391/836 1137/1392/354 1138/1393/921
f 533/1284/2 1116/1394/2 1134/1373/2
f 1012/1362/2 1114/1378/2 1111/1395/2
f 1028/1307/1 1145/1369/1 1128/689/1
f 71/499/390 1059/1344/909 74/500/391
f 74/500/391 1060/1346/907 73/1396/392
f 73/502/392 1061/1340/905 72/503/393
f 72/503/393 1062/1341/906 70/657/474
f 1/4/2 1064/1331/2 3/658/2
f 76/656/473 1062/1341/906 1077/1334/363
f 3/1397/2 1078/1398/902 71/1399/390
f 594/1167/844 1067/1314/890 1084/1317/892
f 597/1168/845 1068/1400/888 1067/1314/890
f 596/1169/846 1069/1310/886 1068/1312/888
f 595/1170/847 1070/1306/885 1069/1310/886
f 529/694/2 1072/1301/2 1071/1308/2
f 599/1280/843 1070/1306/885 593/1281/880
f 531/696/2 1084/1401/892 1072/1301/2
f 1016/1327/899 1085/1274/1 1029/1299/1
f 1029/1299/1 1073/1275/1 1028/1307/1
f 1020/1402/919 1082/1104/828 1019/1320/893
f 1019/1320/893 1081/1106/826 1018/1322/895
f 1018/1403/895 1080/1099/823 1017/1325/897
f 1017/1325/897 1066/1101/825 1016/1327/899
f 1079/650/1 1002/1357/918 1015/1328/1
f 1065/651/1 1015/1328/1 1014/1337/1
f 1076/430/361 1006/1404/904 1005/1349/912
f 1075/431/359 1005/1349/912 1004/1352/914
f 1074/425/356 1004/1405/914 1003/1354/916
f 1058/426/357 1003/1354/916 1002/1357/918
f 1110/1406/1 1065/651/1 1014/1337/1
f 1111/1395/2 1132/1407/2 1129/1367/2
f 5/6/2 1086/1377/2 1/4/2
f 1094/1408/921 31/445/369 28/1409/471
f 1096/1388/923 1139/1410/920 1119/1411/923
f 1097/1389/922 1119/1411/923 1120/1412/922
f 1098/462/378 1120/1413/922 1121/1414/378
f 119/667/384 1103/1415/383 122/476/383
f 1124/1416/386 1105/1386/385 1144/1371/385
f 1125/1417/387 1106/1384/386 1124/1416/386
f 1126/1418/388 1107/1382/387 1125/1419/387
f 1127/1420/389 1108/1380/388 1126/1418/388
f 1100/1421/381 1152/1422/2 1150/1423/2
f 1099/463/379 28/646/471 22/450/374
f 118/669/381 1088/1424/2 5/6/2
f 1089/416/1 124/485/385 7/414/1
f 1115/1425/1 2/1/1 1065/651/1
f 1111/1395/2 1047/647/2 1012/1362/2
f 1112/1426/2 23/1427/377 1047/647/2
f 1113/662/1 1014/1337/1 1049/660/1
f 1109/1428/389 119/667/384 123/666/389
f 1113/662/1 1118/418/349 1131/690/1
f 122/476/383 1102/1429/382 121/478/382
f 121/1430/382 1101/1431/380 120/481/380
f 120/481/380 1100/1432/381 118/483/381
f 1099/463/379 1121/1414/378 1122/1376/379
f 1093/1433/354 30/1434/370 31/1435/369
f 1092/1436/352 29/447/371 30/1434/370
f 1091/1437/350 27/448/372 29/447/371
f 1117/1370/1 1087/415/1 1133/1368/1
f 535/1286/1 1133/1368/1 530/692/1
f 1122/1376/379 547/1126/838 545/1127/839
f 1131/690/1 550/1125/837 1057/688/1
f 1132/1407/2 529/694/2 1071/1308/2
f 646/1438/389 1126/1418/388 648/1157/388
f 648/1157/388 1125/1419/387 649/1154/387
f 649/1439/387 1124/1416/386 650/1152/386
f 650/1152/386 1144/1371/385 647/1149/385
f 1121/1414/378 548/1128/840 547/1126/838
f 1120/1412/922 549/1129/841 548/1130/840
f 1119/1411/923 546/1131/842 549/1129/841
f 1129/1367/2 1071/1308/2 1026/1309/2
f 1128/689/1 1115/1425/1 1110/1406/1
f 1116/1394/2 1153/1440/2 1151/1441/2
f 1138/1393/921 1093/1442/354 1094/1408/921
f 1143/664/384 1103/1415/383 1104/1443/384
f 1122/1376/379 1094/1444/921 1099/463/379
f 1086/1377/2 1149/1445/2 1114/1378/2
f 1089/416/1 1144/1371/385 1105/1386/385
f 1145/1369/1 1087/415/1 1115/1425/1
f 1129/1367/2 1112/1426/2 1111/1395/2
f 1130/1366/2 1095/1446/920 1112/1426/2
f 1131/690/1 1110/1406/1 1113/662/1
f 1127/665/389 1104/1443/384 1109/1428/389
f 1142/471/383 1102/1429/382 1103/1415/383
f 1141/468/382 1101/1431/380 1102/1447/382
f 1140/466/380 1100/1432/381 1101/1431/380
f 1137/423/354 1092/1436/352 1093/1433/354
f 1136/421/352 1091/1437/350 1092/1436/352
f 1135/419/350 1090/661/349 1091/1437/350
f 1149/1448/881 1155/1449/881 1154/1397/881
f 1146/1450/2 1148/1451/2 1147/1452/2
f 1152/1422/2 1147/1452/2 1150/1423/2
f 1114/1378/2 1153/1440/2 1132/1407/2
f 1088/1424/2 1148/1451/2 1086/1377/2
f 1123/1374/381 1146/1450/2 1152/1422/2
f 1134/1373/2 1151/1441/2 1146/1450/2
f 1100/1421/381 1147/1452/2 1088/1424/2
f 1154/1453/2 1156/1454/2 1157/1455/2
f 1153/1456/475 1156/1457/475 1151/1458/475
f 1149/1459/924 1157/1460/924 1153/1461/924
f 1151/1462/925 1155/1463/925 1148/1464/925
f 2/1/1 7/414/1 8/2/1
f 1/4/2 3/658/2 6/5/2
f 16/7/3 18/677/3 21/8/3
f 35/10/4 38/14/8 37/11/5
f 35/10/4 36/23/17 39/13/7
f 37/11/5 38/14/8 50/15/9
f 38/14/8 39/13/7 40/17/11
f 41/18/12 44/22/16 43/19/13
f 42/21/15 45/24/18 44/22/16
f 44/22/16 39/13/7 36/23/17
f 45/24/18 40/17/11 39/13/7
f 46/25/19 49/29/22 48/26/20
f 47/28/10 50/1465/9 49/29/22
f 48/26/20 49/29/22 45/30/18
f 49/32/22 50/15/9 40/17/11
f 54/33/23 57/37/27 56/34/24
f 54/33/23 55/1358/36 58/36/26
f 57/38/27 69/42/30 66/39/28
f 57/38/27 58/50/26 59/41/29
f 60/43/31 63/47/35 62/44/32
f 61/46/34 64/49/37 63/47/35
f 63/47/35 58/50/26 55/48/36
f 64/49/37 59/41/29 58/50/26
f 65/51/38 68/54/41 67/52/39
f 65/51/38 66/39/28 69/42/30
f 67/52/39 68/54/41 64/49/37
f 68/54/41 69/42/30 59/41/29
f 83/55/42 86/59/46 85/56/43
f 83/55/42 84/452/55 87/58/45
f 85/56/43 86/59/46 98/60/47
f 86/62/46 87/72/45 88/63/49
f 89/65/50 92/69/54 91/66/51
f 90/68/53 93/71/56 92/69/54
f 92/69/54 87/72/45 84/70/55
f 93/71/56 88/63/49 87/72/45
f 94/73/57 97/79/60 96/74/58
f 95/76/48 98/1466/47 97/77/60
f 96/74/58 97/79/60 93/71/56
f 97/79/60 98/64/47 88/63/49
f 102/80/61 105/1467/65 104/81/62
f 102/83/61 103/95/74 106/84/64
f 104/81/62 105/1467/65 117/86/66
f 105/85/65 106/84/64 107/88/68
f 108/90/69 111/94/73 110/91/70
f 108/90/69 109/101/79 112/93/72
f 111/94/73 106/84/64 103/95/74
f 111/94/73 112/93/72 107/88/68
f 113/96/75 116/100/78 115/97/76
f 114/99/67 117/89/66 116/100/78
f 116/100/78 112/93/72 109/101/79
f 117/89/66 107/88/68 112/93/72
f 131/102/80 134/106/84 133/103/81
f 132/105/83 135/116/94 134/106/84
f 134/106/84 146/109/87 143/107/85
f 134/106/84 135/116/94 136/108/86
f 137/110/88 140/114/92 139/111/89
f 138/113/91 141/115/93 140/114/92
f 140/114/92 135/116/94 132/105/83
f 141/115/93 136/108/86 135/116/94
f 130/117/95 142/120/98 145/118/96
f 142/120/98 143/504/85 146/121/87
f 144/119/97 145/118/96 141/122/93
f 145/124/96 146/109/87 136/108/86
f 150/125/99 153/129/103 152/126/100
f 151/128/102 154/139/112 153/129/103
f 153/129/103 165/132/106 162/130/104
f 153/129/103 154/139/112 155/131/105
f 148/133/107 156/136/110 159/134/108
f 156/136/110 157/495/117 160/137/111
f 158/138/109 159/140/108 154/139/112
f 159/140/108 160/148/111 155/131/105
f 161/141/113 164/146/116 163/142/114
f 162/130/104 165/132/106 164/144/116
f 164/146/116 160/1468/111 157/147/117
f 165/132/106 155/131/105 160/148/111
f 179/149/118 182/1469/122 181/150/119
f 180/152/121 183/164/131 182/153/122
f 181/155/119 182/153/122 194/156/123
f 182/153/122 183/164/131 184/158/125
f 185/159/126 188/163/130 187/160/127
f 185/159/126 186/169/136 189/162/129
f 188/163/130 183/164/131 180/152/121
f 188/163/130 189/162/129 184/158/125
f 190/165/132 193/168/135 192/166/133
f 191/157/124 194/156/123 193/168/135
f 193/168/135 189/162/129 186/169/136
f 194/156/123 184/158/125 189/162/129
f 198/170/137 201/174/141 200/171/138
f 199/173/140 202/176/143 201/174/141
f 201/174/141 213/177/144 210/175/142
f 202/176/143 203/185/150 213/177/144
f 204/178/145 207/184/149 206/179/146
f 205/181/148 208/1470/155 207/182/149
f 206/179/146 207/184/149 202/176/143
f 207/184/149 208/193/155 203/185/150
f 209/186/151 212/190/154 211/187/152
f 209/186/151 210/501/142 213/189/144
f 212/190/154 208/1471/155 205/191/148
f 212/192/154 213/177/144 203/185/150
f 229/194/156 230/197/159 227/195/157
f 230/197/159 231/201/163 228/198/160
f 239/199/161 242/1472/174 230/197/159
f 230/197/159 242/1472/174 232/200/162
f 235/202/164 236/205/167 233/203/165
f 236/205/167 237/209/169 234/206/168
f 228/207/160 231/1473/163 236/205/167
f 236/205/167 231/1473/163 232/208/162
f 226/210/170 240/214/173 241/211/171
f 241/211/171 242/217/174 239/213/161
f 240/214/173 234/597/168 237/215/169
f 241/211/171 237/215/169 232/216/162
f 248/218/175 249/221/178 246/219/176
f 249/221/178 250/225/182 247/222/179
f 258/223/180 261/1474/192 249/221/178
f 249/221/178 261/1474/192 251/224/181
f 254/226/183 255/229/186 252/227/184
f 255/229/186 256/233/188 253/230/187
f 247/231/179 250/1475/182 255/229/186
f 255/229/186 250/1475/182 251/232/181
f 245/234/189 259/240/193 260/235/190
f 257/236/191 260/235/190 261/237/192
f 253/239/187 256/1476/188 260/235/190
f 260/235/190 256/1476/188 251/241/181
f 277/242/194 278/245/197 275/243/195
f 278/245/197 279/249/201 276/246/198
f 287/247/199 290/1477/212 278/245/197
f 278/245/197 290/1477/212 280/248/200
f 283/250/202 284/253/205 281/251/203
f 284/253/205 285/257/207 282/254/206
f 276/255/198 279/1478/201 284/253/205
f 284/253/205 279/1478/201 280/256/200
f 288/258/208 289/261/211 286/259/209
f 289/261/211 290/265/212 287/262/199
f 282/263/206 285/1479/207 289/261/211
f 289/261/211 285/1479/207 280/264/200
f 296/266/213 297/269/216 294/267/214
f 297/269/216 298/273/220 295/270/217
f 306/271/218 309/1480/231 297/269/216
f 297/269/216 309/1480/231 299/272/219
f 302/274/221 303/277/224 300/275/222
f 303/277/224 304/281/226 301/278/225
f 295/279/217 298/1481/220 303/277/224
f 303/277/224 298/1481/220 299/280/219
f 307/282/227 308/285/230 305/283/228
f 308/285/230 309/289/231 306/286/218
f 301/287/225 304/1482/226 308/285/230
f 308/285/230 304/1482/226 299/288/219
f 330/290/232 331/293/235 328/291/233
f 331/293/235 332/1483/239 329/294/236
f 340/295/237 343/313/251 331/296/235
f 331/296/235 343/313/251 333/298/238
f 336/300/240 337/307/243 334/301/241
f 337/303/243 338/308/246 335/304/244
f 329/306/236 332/1484/239 337/307/243
f 337/303/243 332/299/239 333/298/238
f 341/309/247 342/312/250 339/310/248
f 342/312/250 343/313/251 340/295/237
f 335/304/244 338/308/246 342/312/250
f 338/308/246 333/298/238 343/313/251
f 359/314/252 360/317/255 357/315/253
f 360/317/255 361/1485/260 358/318/256
f 369/319/257 372/337/271 360/320/255
f 360/320/255 372/337/271 362/322/259
f 365/324/261 366/331/264 363/325/262
f 366/327/264 367/332/266 364/328/265
f 358/330/256 361/1486/260 366/331/264
f 366/327/264 361/323/260 362/322/259
f 370/333/267 371/336/270 368/334/268
f 371/336/270 372/337/271 369/319/257
f 364/328/265 367/332/266 371/336/270
f 367/332/266 362/322/259 372/337/271
f 433/338/272 434/341/275 431/339/273
f 434/341/275 435/345/279 432/342/276
f 443/343/277 446/356/290 434/341/275
f 434/341/275 446/356/290 436/344/278
f 439/346/280 440/349/283 437/347/281
f 440/349/283 441/351/285 438/350/284
f 432/342/276 435/345/279 440/349/283
f 440/349/283 435/345/279 436/344/278
f 444/352/286 445/355/289 442/353/287
f 445/355/289 446/356/290 443/343/277
f 438/350/284 441/351/285 445/355/289
f 441/351/285 436/344/278 446/356/290
f 467/357/291 468/360/294 465/358/292
f 468/360/294 469/364/298 466/361/295
f 477/362/296 480/375/309 468/360/294
f 468/360/294 480/375/309 470/363/297
f 473/365/299 474/368/302 471/366/300
f 474/368/302 475/370/304 472/369/303
f 466/361/295 469/364/298 474/368/302
f 469/364/298 470/363/297 475/370/304
f 478/371/305 479/374/308 476/372/306
f 479/374/308 480/375/309 477/362/296
f 472/369/303 475/370/304 479/374/308
f 479/374/308 475/370/304 470/363/297
f 496/376/310 497/379/313 494/377/311
f 497/379/313 498/383/317 495/380/314
f 506/381/315 509/394/328 497/379/313
f 497/379/313 509/394/328 499/382/316
f 502/384/318 503/387/321 500/385/319
f 503/387/321 504/389/323 501/388/322
f 495/380/314 498/383/317 503/387/321
f 503/387/321 498/383/317 499/382/316
f 507/390/324 508/393/327 505/391/325
f 508/393/327 509/394/328 506/381/315
f 501/388/322 504/389/323 508/393/327
f 504/389/323 499/382/316 509/394/328
f 515/395/329 516/398/332 513/396/330
f 516/398/332 517/402/336 514/399/333
f 525/400/334 528/413/347 516/398/332
f 516/398/332 528/413/347 518/401/335
f 521/403/337 522/406/340 519/404/338
f 522/406/340 523/408/342 520/407/341
f 514/399/333 517/402/336 522/406/340
f 517/402/336 518/401/335 523/408/342
f 526/409/343 527/412/346 524/410/344
f 527/412/346 528/413/347 525/400/334
f 520/407/341 523/408/342 527/412/346
f 527/412/346 523/408/342 518/401/335
f 7/414/1 2/1/1 1087/415/1
f 552/417/348 550/1125/837 1118/418/349
f 553/420/351 552/417/348 1135/419/350
f 554/422/353 553/420/351 1136/421/352
f 75/424/355 77/427/358 1074/425/356
f 77/427/358 78/1487/360 1075/428/359
f 78/429/360 79/432/362 1076/430/361
f 79/432/362 76/1488/473 1077/433/363
f 53/434/40 67/435/39 35/10/4
f 67/435/39 61/436/34 36/23/17
f 61/436/34 60/437/31 43/19/13
f 60/437/31 52/653/33 33/20/14
f 1034/438/364 34/27/21 48/26/20
f 1043/439/365 48/26/20 42/31/15
f 1044/441/366 42/21/15 41/18/12
f 1045/442/367 41/18/12 33/20/14
f 82/444/59 32/12/6 37/11/5
f 94/78/57 37/11/5 47/16/10
f 95/61/48 47/28/10 46/25/19
f 85/56/43 46/25/19 34/27/21
f 101/98/77 28/1409/471 31/445/369
f 113/96/75 31/445/369 30/446/370
f 114/87/67 30/1434/370 29/447/371
f 104/81/62 29/447/371 27/448/372
f 81/67/52 91/66/51 24/449/373
f 91/66/51 84/70/55 25/451/375
f 84/452/55 83/55/42 26/453/376
f 83/55/42 80/57/44 23/455/377
f 100/92/71 110/91/70 65/51/38
f 110/91/70 103/95/74 66/39/28
f 103/95/74 102/83/61 56/40/24
f 102/80/61 99/82/63 51/35/25
f 82/444/59 96/1489/58 108/456/69
f 96/74/58 90/68/53 109/458/79
f 90/68/53 89/65/50 115/460/76
f 89/65/50 81/67/52 101/461/77
f 22/450/374 24/449/373 1098/462/378
f 643/464/380 641/1147/381 1123/465/381
f 644/467/382 643/464/380 1140/466/380
f 645/469/383 644/1144/382 1141/470/382
f 128/104/82 147/1490/101 152/472/100
f 131/102/80 152/472/100 162/473/104
f 162/473/104 161/474/113 139/111/89
f 161/474/113 149/1491/115 129/112/90
f 167/475/384 119/667/384 122/476/383
f 170/477/383 122/476/383 121/478/382
f 169/480/382 121/1430/382 120/481/380
f 168/482/380 120/481/380 118/483/381
f 124/485/385 127/488/386 175/486/386
f 127/488/386 126/1383/387 174/489/387
f 126/490/387 125/493/388 173/491/388
f 125/493/388 123/1379/389 171/494/389
f 129/112/90 167/475/384 170/477/383
f 137/110/88 170/477/383 169/479/382
f 138/123/91 169/480/382 168/482/380
f 144/119/97 168/482/380 166/484/381
f 172/487/385 175/486/386 156/136/110
f 175/486/386 174/489/387 157/495/117
f 174/492/387 173/491/388 163/142/114
f 173/491/388 171/494/389 149/143/115
f 178/167/134 76/1492/473 79/496/362
f 190/165/132 79/496/362 78/497/360
f 191/498/124 78/1487/360 77/427/358
f 181/150/119 77/427/358 75/424/355
f 71/499/390 74/500/391 209/186/151
f 74/500/391 73/1396/392 210/501/142
f 73/502/392 72/503/393 200/171/138
f 72/503/393 70/657/474 195/172/139
f 147/127/101 177/161/128 187/160/127
f 150/125/99 187/160/127 180/152/121
f 151/128/102 180/152/121 179/154/118
f 158/135/109 179/149/118 176/151/120
f 197/188/153 211/187/152 142/120/98
f 211/187/152 205/191/148 143/504/85
f 205/181/148 204/183/145 133/103/81
f 204/183/145 196/505/147 128/104/82
f 196/505/147 206/1493/146 185/506/126
f 206/179/146 199/173/140 186/508/136
f 199/173/140 198/170/137 192/510/133
f 198/170/137 195/172/139 178/511/134
f 384/512/394 387/515/397 218/513/395
f 387/515/397 386/596/399 217/516/398
f 386/517/399 385/520/401 216/518/400
f 385/520/401 383/598/402 214/521/402
f 392/522/403 248/218/175 243/220/177
f 391/524/405 258/223/180 248/218/175
f 390/525/406 257/236/191 258/238/180
f 388/527/407 245/234/189 257/236/191
f 316/528/408 319/529/409 235/202/164
f 319/529/409 318/1494/410 228/207/160
f 318/530/410 317/531/411 227/195/157
f 317/531/411 315/673/448 224/196/158
f 397/532/412 266/536/415 263/533/413
f 397/532/412 396/1495/417 265/535/414
f 395/537/416 264/541/419 265/538/414
f 393/540/418 262/675/418 264/541/419
f 402/542/420 296/266/213 291/268/215
f 401/544/422 306/271/218 296/266/213
f 400/545/423 305/283/228 306/286/218
f 398/547/381 293/284/229 305/283/228
f 321/548/424 324/549/425 283/250/202
f 324/549/425 323/1496/426 276/255/198
f 323/550/426 322/551/427 275/243/195
f 322/551/427 320/679/476 272/244/196
f 417/552/428 288/258/208 274/260/210
f 416/554/430 282/263/206 288/258/208
f 415/555/431 281/251/203 282/254/206
f 413/557/432 273/252/204 281/251/203
f 451/558/433 259/240/193 245/234/189
f 450/560/435 253/239/187 259/240/193
f 449/561/436 252/227/184 253/230/187
f 447/563/437 244/228/185 252/227/184
f 246/219/176 319/529/409 316/528/408
f 247/222/179 318/1494/410 319/529/409
f 254/226/183 317/531/411 318/530/410
f 244/228/185 315/673/448 317/531/411
f 300/275/222 324/549/425 321/548/424
f 301/278/225 323/1496/426 324/549/425
f 307/282/227 322/551/427 323/550/426
f 293/284/229 320/679/476 322/551/427
f 404/564/402 407/567/440 348/565/438
f 407/567/440 406/576/399 347/568/441
f 406/569/399 405/572/397 346/570/442
f 405/572/397 403/610/394 344/573/396
f 412/574/443 359/314/252 354/316/254
f 411/576/445 369/1497/447 359/314/252
f 410/577/446 368/334/268 369/319/447
f 408/579/404 356/335/269 368/334/268
f 377/580/411 330/290/232 325/292/234
f 376/582/449 340/1498/237 330/290/232
f 375/583/409 339/310/248 340/295/237
f 373/585/408 327/311/249 339/310/248
f 355/326/263 363/325/262 377/580/411
f 363/325/262 364/1244/265 376/582/449
f 364/328/265 370/333/267 375/583/409
f 370/333/267 356/335/269 373/585/408
f 357/315/253 382/587/433 379/586/434
f 358/318/435 381/1499/435 382/587/433
f 365/324/261 380/589/436 381/588/435
f 355/326/263 378/1500/437 380/589/436
f 312/590/428 336/300/240 326/302/242
f 313/592/430 329/306/430 336/300/240
f 314/593/431 328/291/233 329/294/430
f 311/595/432 325/292/234 328/291/233
f 225/204/166 233/203/165 387/515/397
f 233/203/165 234/206/168 386/596/399
f 234/597/168 240/214/173 385/520/401
f 240/214/173 226/210/170 383/598/402
f 221/599/450 392/522/403 389/523/404
f 222/601/452 391/524/405 392/522/403
f 223/602/453 390/525/406 391/526/405
f 220/604/407 388/527/407 390/525/406
f 286/259/209 397/532/412 394/534/413
f 287/262/199 396/1495/417 397/532/412
f 277/242/194 395/537/416 396/539/417
f 272/244/196 393/540/418 395/537/416
f 269/605/454 402/542/420 399/543/421
f 269/605/454 270/1255/382 401/544/422
f 271/607/380 400/545/423 401/546/422
f 268/609/381 398/547/381 400/545/423
f 326/302/242 334/301/241 407/567/440
f 334/301/241 335/1497/455 406/576/399
f 335/304/455 341/309/247 405/572/397
f 341/309/247 327/311/249 403/610/394
f 351/611/456 412/574/443 409/575/444
f 352/568/452 411/576/445 412/574/443
f 353/613/457 410/577/446 411/578/445
f 350/615/451 408/579/404 410/577/446
f 456/616/428 417/552/428 414/553/429
f 455/618/430 416/554/430 417/552/428
f 454/619/431 415/555/431 416/556/430
f 452/621/432 413/557/432 415/555/431
f 294/267/214 420/624/433 418/622/434
f 294/267/214 295/270/217 421/623/435
f 302/274/221 422/626/436 421/625/435
f 292/276/223 419/631/437 422/626/436
f 462/359/293 465/358/292 433/338/272
f 466/361/295 443/343/277 433/338/272
f 473/365/299 442/353/287 443/343/277
f 463/367/301 430/354/288 442/353/287
f 423/627/458 425/628/459 444/352/286
f 425/628/459 426/629/460 438/350/284
f 426/629/460 427/630/461 437/347/281
f 427/630/461 424/684/478 429/348/282
f 420/624/433 451/558/433 448/559/434
f 421/623/435 450/560/435 451/558/433
f 422/626/436 449/561/436 450/562/435
f 419/631/437 447/563/437 449/561/436
f 238/212/172 456/616/428 453/617/429
f 239/213/161 455/618/430 456/616/428
f 229/194/156 454/619/431 455/620/430
f 224/196/158 452/621/432 454/619/431
f 459/632/462 478/371/305 464/373/307
f 460/634/464 472/369/303 478/371/305
f 461/635/465 471/366/300 472/369/303
f 458/636/466 463/367/301 471/366/300
f 505/391/325 521/403/337 511/405/339
f 506/381/315 514/399/333 521/403/337
f 496/376/310 513/396/330 514/399/333
f 491/378/312 510/397/331 513/396/330
f 486/637/467 488/638/468 526/409/343
f 488/638/468 489/639/460 520/407/341
f 489/639/460 490/640/469 519/404/338
f 490/640/469 487/1269/458 511/405/339
f 483/641/465 507/390/324 493/392/326
f 484/643/464 501/388/322 507/390/324
f 485/644/462 500/385/319 501/388/322
f 482/645/470 492/386/320 500/385/319
f 464/373/307 476/372/306 502/384/318
f 476/372/306 477/362/296 495/380/314
f 477/362/296 467/357/291 494/377/311
f 467/357/291 462/359/293 491/378/312
f 524/410/344 439/346/280 429/348/282
f 525/400/334 432/342/276 439/346/280
f 515/395/329 431/339/273 432/342/276
f 510/397/331 428/340/274 431/339/273
f 28/646/471 101/461/77 81/67/52
f 1047/647/2 23/1427/377 80/648/44
f 2/1/1 4/3/1 1079/650/1
f 100/457/71 53/434/40 32/12/6
f 1033/652/472 1046/443/368 33/20/14
f 1048/649/2 80/648/44 34/654/21
f 4/3/1 75/424/355 1058/426/357
f 76/656/473 178/511/134 195/172/139
f 3/658/2 71/1501/390 197/659/153
f 4/3/1 8/2/1 176/151/120
f 1049/660/1 27/448/372 1090/661/349
f 646/663/389 642/1142/384 1143/664/384
f 167/475/384 171/670/389 123/666/389
f 5/6/2 6/5/2 166/668/381
f 7/414/1 124/485/385 172/487/385
f 129/112/90 149/1491/115 171/670/389
f 6/5/2 197/659/153 130/671/95
f 177/507/128 147/1490/101 128/104/82
f 8/2/1 172/487/385 148/133/107
f 383/598/402 463/367/301 458/636/466
f 215/514/396 344/573/396 403/610/394
f 19/9/3 21/8/3 388/527/407
f 408/579/404 350/615/451 219/600/451
f 20/672/475 452/621/432 224/196/158
f 327/311/249 373/585/408 316/528/408
f 384/512/394 403/610/394 327/311/249
f 226/210/170 453/617/429 463/367/301
f 21/8/3 448/559/434 245/234/189
f 447/563/437 20/672/475 315/673/448
f 316/528/408 373/585/408 356/335/269
f 356/335/269 408/579/404 389/523/404
f 393/540/418 14/676/2 9/674/2
f 394/534/413 263/533/413 423/627/458
f 14/676/2 398/547/381 268/609/381
f 267/606/384 399/543/421 18/677/3
f 272/244/196 320/679/476 14/676/2
f 321/548/424 273/252/204 413/557/432
f 274/260/210 394/534/413 430/354/288
f 399/543/421 291/268/215 418/622/434
f 320/679/476 293/284/229 398/547/381
f 292/276/223 321/548/424 17/678/475
f 311/595/432 12/683/475 374/581/448
f 13/680/477 310/591/429 326/302/242
f 10/681/477 13/680/477 404/564/402
f 15/682/3 11/1502/3 349/612/407
f 379/586/434 15/682/3 409/575/444
f 12/683/475 378/1500/437 355/326/263
f 17/678/475 413/557/432 452/621/432
f 414/553/429 430/354/288 463/367/301
f 18/677/3 418/622/434 448/559/434
f 419/631/437 17/678/475 20/672/475
f 424/684/478 486/637/467 512/411/345
f 510/397/331 491/378/312 462/359/293
f 492/386/320 482/645/470 457/633/463
f 511/685/339 487/1503/458 481/686/466
f 1057/688/1 1028/1307/1 1128/689/1
f 536/691/1 535/1286/1 530/692/1
f 529/694/2 533/1284/2 534/695/2
f 544/697/3 542/1291/3 16/7/3
f 560/698/479 561/704/485 558/699/480
f 558/699/480 561/704/485 562/701/482
f 560/698/479 570/1119/497 573/703/484
f 561/704/485 573/703/484 563/705/486
f 566/706/487 567/709/490 564/707/488
f 567/709/490 568/711/492 565/710/491
f 559/702/483 562/701/482 567/709/490
f 562/701/482 563/705/486 568/711/492
f 571/712/493 572/715/496 569/713/494
f 572/715/496 573/1504/484 570/716/497
f 571/712/493 565/1115/491 568/717/492
f 572/718/496 568/711/492 563/705/486
f 579/719/498 580/1505/504 577/720/499
f 577/720/499 580/1505/504 581/722/501
f 589/724/503 592/739/515 580/725/504
f 580/725/504 592/739/515 582/727/505
f 585/729/506 586/732/509 583/730/507
f 586/732/509 587/735/511 584/733/510
f 578/734/502 581/728/501 586/732/509
f 581/728/501 582/727/505 587/735/511
f 590/736/512 591/740/516 588/737/513
f 588/737/513 591/740/516 592/739/515
f 590/736/512 584/733/510 587/735/511
f 591/740/516 587/735/511 582/727/505
f 608/741/517 609/747/523 606/742/518
f 606/742/518 609/747/523 610/744/520
f 608/741/517 618/1120/535 621/746/522
f 609/748/523 621/765/522 611/749/524
f 614/751/525 615/754/528 612/752/526
f 615/754/528 616/757/530 613/755/529
f 607/756/521 610/750/520 615/754/528
f 610/750/520 611/749/524 616/757/530
f 619/758/531 620/764/534 617/759/532
f 620/761/534 621/1506/522 618/762/535
f 619/758/531 613/755/529 616/757/530
f 620/764/534 616/757/530 611/749/524
f 627/766/536 628/773/542 625/767/537
f 625/769/537 628/774/542 629/770/539
f 627/766/536 637/1124/554 640/772/541
f 628/774/542 640/787/541 630/775/543
f 633/776/544 634/781/549 631/777/545
f 631/777/545 634/781/549 635/779/547
f 626/771/540 629/770/539 634/781/549
f 634/781/549 629/770/539 630/775/543
f 638/782/550 639/785/553 636/783/551
f 639/785/553 640/787/541 637/786/554
f 632/780/548 635/779/547 639/785/553
f 635/779/547 630/775/543 640/787/541
f 656/788/555 657/791/558 654/789/556
f 657/791/558 658/795/562 655/792/559
f 666/793/560 669/810/572 657/791/558
f 657/791/558 669/810/572 659/794/561
f 662/796/563 663/799/566 660/797/564
f 663/799/566 664/801/568 661/800/567
f 655/792/559 658/795/562 663/799/566
f 658/795/562 659/794/561 664/801/568
f 653/802/569 667/807/573 668/803/570
f 665/804/571 668/803/570 669/805/572
f 667/807/573 661/1159/567 664/808/568
f 668/809/570 664/801/568 659/794/561
f 675/811/574 676/814/577 673/812/575
f 676/814/577 677/818/581 674/815/578
f 685/816/579 688/831/592 676/814/577
f 676/814/577 688/831/592 678/817/580
f 671/819/582 681/1171/587 682/820/583
f 679/822/584 682/826/583 683/823/585
f 681/825/587 674/815/578 677/818/581
f 682/826/583 677/818/581 678/817/580
f 686/827/588 687/830/591 684/828/589
f 687/830/591 688/831/592 685/816/579
f 680/824/586 683/823/585 687/830/591
f 683/823/585 678/817/580 688/831/592
f 704/832/593 705/839/596 702/833/594
f 705/835/596 706/841/600 703/836/597
f 704/832/593 714/1165/611 717/838/598
f 705/835/596 717/853/598 707/840/599
f 710/842/601 711/847/606 708/843/602
f 708/843/602 711/847/606 712/845/604
f 703/836/597 706/841/600 711/847/606
f 711/847/606 706/841/600 707/840/599
f 715/848/607 716/851/610 713/849/608
f 716/851/610 717/853/598 714/852/611
f 709/846/605 712/845/604 716/851/610
f 712/845/604 707/840/599 717/853/598
f 723/854/612 724/857/615 721/855/613
f 724/857/615 725/861/619 722/858/616
f 733/859/617 736/860/618 724/857/615
f 736/860/618 726/869/625 725/861/619
f 729/862/620 730/868/623 727/863/621
f 730/865/623 731/1507/626 728/866/624
f 729/862/620 722/858/616 725/861/619
f 730/868/623 725/861/619 726/869/625
f 734/871/627 735/877/630 732/872/628
f 732/872/628 735/877/630 736/874/618
f 728/876/624 731/1508/626 735/877/630
f 735/878/630 731/870/626 726/869/625
f 740/879/631 743/883/635 742/880/632
f 741/882/634 744/1509/644 743/883/635
f 743/883/635 755/886/638 752/884/636
f 743/883/635 744/1509/644 745/885/637
f 746/887/639 749/891/643 748/888/640
f 747/890/642 750/1510/649 749/891/643
f 749/891/643 744/894/644 741/892/634
f 749/891/643 750/1510/649 745/893/637
f 739/895/645 751/899/648 754/896/646
f 752/898/636 755/1511/638 754/896/646
f 753/897/647 754/896/646 750/900/649
f 754/896/646 755/1511/638 745/902/637
f 759/903/650 762/907/654 761/904/651
f 760/906/653 763/1512/663 762/907/654
f 762/907/654 774/910/657 771/908/655
f 762/907/654 763/1512/663 764/909/656
f 765/911/658 768/915/662 767/912/659
f 766/914/661 769/1513/668 768/915/662
f 768/915/662 763/918/663 760/916/653
f 768/915/662 769/1513/668 764/917/656
f 758/919/664 770/922/667 773/920/665
f 770/922/667 771/1188/655 774/923/657
f 773/920/665 769/926/668 766/924/661
f 773/920/665 774/923/657 764/925/656
f 778/927/669 781/931/673 780/928/670
f 779/930/672 782/1514/682 781/931/673
f 781/931/673 793/934/676 790/932/674
f 781/931/673 782/1514/682 783/933/675
f 784/935/677 787/939/681 786/936/678
f 785/938/680 788/1515/687 787/939/681
f 787/939/681 782/942/682 779/940/672
f 787/939/681 788/1515/687 783/941/675
f 789/943/683 792/947/686 791/944/684
f 790/946/674 793/1516/676 792/947/686
f 792/947/686 788/950/687 785/948/680
f 792/947/686 793/1516/676 783/949/675
f 797/951/688 800/955/692 799/952/689
f 798/954/691 801/1517/701 800/955/692
f 800/955/692 812/958/695 809/956/693
f 800/955/692 801/1517/701 802/957/694
f 803/959/696 806/963/700 805/960/697
f 804/962/699 807/1518/706 806/963/700
f 806/963/700 801/966/701 798/964/691
f 806/963/700 807/1518/706 802/965/694
f 808/967/702 811/971/705 810/968/703
f 809/970/693 812/1519/695 811/971/705
f 811/971/705 807/974/706 804/972/699
f 811/971/705 812/1519/695 802/973/694
f 831/975/707 834/979/711 833/976/708
f 832/978/710 835/1520/721 834/979/711
f 834/980/711 846/984/714 843/981/712
f 834/980/711 835/993/721 836/983/713
f 837/985/715 840/991/719 839/986/716
f 838/988/718 841/998/726 840/989/719
f 840/991/719 835/1521/721 832/992/710
f 840/989/719 841/998/726 836/983/713
f 842/994/722 845/997/725 844/995/723
f 843/981/712 846/984/714 845/997/725
f 845/997/725 841/998/726 838/988/718
f 846/984/714 836/983/713 841/998/726
f 850/999/727 853/1003/731 852/1000/728
f 851/1002/730 854/1522/741 853/1003/731
f 853/1004/731 865/1008/735 862/1005/732
f 853/1004/731 854/1017/741 855/1007/734
f 856/1009/736 859/1015/740 858/1010/737
f 857/1012/739 860/1022/746 859/1013/740
f 859/1015/740 854/1523/741 851/1016/730
f 859/1013/740 860/1022/746 855/1007/734
f 861/1018/742 864/1021/745 863/1019/743
f 862/1005/732 865/1008/735 864/1021/745
f 864/1021/745 860/1022/746 857/1012/739
f 865/1008/735 855/1007/734 860/1022/746
f 919/1023/747 922/1027/751 921/1024/748
f 920/1026/750 923/1036/760 922/1027/751
f 922/1027/751 934/1030/754 931/1028/752
f 922/1027/751 923/1036/760 924/1029/753
f 925/1031/755 928/1035/759 927/1032/756
f 926/1034/758 929/1041/765 928/1035/759
f 928/1035/759 923/1036/760 920/1026/750
f 928/1035/759 929/1041/765 924/1029/753
f 930/1037/761 933/1040/764 932/1038/762
f 931/1028/752 934/1030/754 933/1040/764
f 933/1040/764 929/1041/765 926/1034/758
f 934/1030/754 924/1029/753 929/1041/765
f 948/1042/766 951/1046/770 950/1043/767
f 949/1045/769 952/1056/780 951/1046/770
f 951/1046/770 963/1049/773 960/1047/771
f 951/1046/770 952/1056/780 953/1048/772
f 954/1050/774 957/1054/778 956/1051/775
f 955/1053/777 958/1055/779 957/1054/778
f 957/1054/778 952/1056/780 949/1045/769
f 958/1055/779 953/1048/772 952/1056/780
f 959/1057/781 962/1060/784 961/1058/782
f 960/1047/771 963/1049/773 962/1060/784
f 962/1060/784 958/1055/779 955/1053/777
f 962/1060/784 963/1049/773 953/1048/772
f 967/1061/785 970/1065/789 969/1062/786
f 968/1064/788 971/1074/798 970/1065/789
f 970/1065/789 982/1068/792 979/1066/790
f 970/1065/789 971/1074/798 972/1067/791
f 973/1069/793 976/1073/797 975/1070/794
f 974/1072/796 977/1079/803 976/1073/797
f 976/1073/797 971/1074/798 968/1064/788
f 976/1073/797 977/1079/803 972/1067/791
f 978/1075/799 981/1078/802 980/1076/800
f 979/1066/790 982/1068/792 981/1078/802
f 981/1078/802 977/1079/803 974/1072/796
f 982/1068/792 972/1067/791 977/1079/803
f 986/1080/804 989/1084/808 988/1081/805
f 987/1083/807 990/1094/818 989/1084/808
f 989/1084/808 1001/1087/811 998/1085/809
f 989/1084/808 990/1094/818 991/1086/810
f 992/1088/812 995/1092/816 994/1089/813
f 993/1091/815 996/1093/817 995/1092/816
f 995/1092/816 990/1094/818 987/1083/807
f 996/1093/817 991/1086/810 990/1094/818
f 997/1095/819 1000/1098/822 999/1096/820
f 998/1085/809 1001/1087/811 1000/1098/822
f 1000/1098/822 996/1093/817 993/1091/815
f 1000/1098/822 1001/1087/811 991/1086/810
f 1080/1099/823 600/1103/827 598/1100/824
f 1081/1102/826 601/1166/829 600/1103/827
f 1082/1104/828 602/1108/831 601/1105/829
f 1083/1107/830 599/1524/843 602/1108/831
f 558/699/480 590/1110/512 576/1109/514
f 559/702/483 584/1111/510 590/1110/512
f 566/706/487 583/1112/507 584/1111/510
f 556/708/489 575/1525/508 583/1112/507
f 1040/1113/832 1051/1114/833 571/712/493
f 1051/1114/833 1052/1361/834 565/1115/491
f 1052/1116/834 1053/1117/835 564/707/488
f 1053/1117/835 1054/1277/879 556/708/489
f 605/1118/533 617/763/532 560/698/479
f 617/763/532 618/762/535 570/1119/497
f 618/1120/535 608/741/517 569/713/494
f 608/741/517 603/743/519 557/714/495
f 624/784/552 636/783/551 554/1121/353
f 636/783/551 637/786/554 553/1123/351
f 637/1124/554 627/766/536 552/417/348
f 627/766/536 622/768/538 550/1125/837
f 547/1126/838 614/751/525 604/753/527
f 548/1128/840 607/756/521 614/751/525
f 549/1129/841 606/742/518 607/745/521
f 546/1131/842 603/743/519 606/742/518
f 588/737/513 633/776/544 623/778/546
f 589/724/503 626/771/540 633/776/544
f 579/726/498 625/769/537 626/771/540
f 574/721/500 622/768/538 625/767/537
f 631/456/545 619/1489/531 605/1118/533
f 632/1133/548 613/755/529 619/758/531
f 638/1135/550 612/752/526 613/755/529
f 624/1136/552 604/753/527 612/752/526
f 651/790/557 654/789/556 675/1137/574
f 654/789/556 655/792/559 685/1139/579
f 662/796/563 684/1140/589 685/1139/579
f 652/798/565 672/1526/590 684/1140/589
f 690/1141/384 693/1143/383 645/469/383
f 693/1143/383 692/1158/382 644/1144/382
f 692/1145/382 691/1146/380 643/464/380
f 691/1146/380 689/1160/381 641/1147/381
f 698/1148/386 650/1152/386 647/1149/385
f 697/1151/387 649/1439/387 650/1152/386
f 696/1153/388 648/1157/388 649/1154/387
f 694/1156/389 646/1438/389 648/1157/388
f 652/798/565 660/797/564 693/1143/383
f 660/797/564 661/800/567 692/1158/382
f 661/1159/567 667/807/573 691/1146/380
f 667/807/573 653/802/569 689/1160/381
f 679/821/584 698/1148/386 695/1150/385
f 680/1161/586 697/1151/387 698/1148/386
f 686/827/588 696/1153/388 697/1155/387
f 672/829/590 694/1156/389 696/1153/388
f 701/850/609 713/849/608 602/1162/831
f 713/849/608 714/852/611 601/1164/829
f 714/1165/611 704/832/593 600/1103/827
f 704/832/593 699/834/595 598/1100/824
f 732/872/628 597/1168/845 594/1167/844
f 733/875/617 596/1527/846 597/1168/845
f 723/854/612 595/1170/847 596/1169/846
f 718/856/614 593/1281/880 595/1170/847
f 670/813/576 673/812/575 710/842/601
f 673/812/575 674/815/578 703/836/597
f 674/815/578 681/825/587 702/837/594
f 681/1171/587 671/819/582 699/834/595
f 665/804/571 734/871/627 720/873/629
f 666/806/560 728/876/624 734/871/627
f 656/788/555 727/867/621 728/866/624
f 651/790/557 719/1173/622 727/867/621
f 708/1172/602 729/1528/620 719/1173/622
f 709/1175/605 722/858/616 729/862/620
f 715/1177/607 721/855/613 722/858/616
f 701/1178/609 718/856/614 721/855/613
f 877/1179/394 215/514/396 218/513/395
f 880/1180/397 218/513/395 217/516/398
f 879/1182/399 217/519/398 216/518/400
f 878/1183/848 216/518/400 214/521/402
f 756/905/652 761/904/651 885/1185/403
f 761/904/651 771/908/655 884/1187/405
f 771/1188/655 770/922/667 883/1189/406
f 770/922/667 758/919/664 881/1191/407
f 819/1192/850 738/889/641 748/888/640
f 822/1193/851 748/888/640 741/892/634
f 821/1195/852 741/882/634 740/879/631
f 820/1196/853 740/879/631 737/881/633
f 263/533/413 266/536/415 890/1198/412
f 266/536/415 265/535/414 889/1200/414
f 265/538/414 264/541/419 888/1201/419
f 264/541/419 262/675/418 886/1203/418
f 794/953/690 799/952/689 895/1204/420
f 799/952/689 809/956/693 894/1206/422
f 809/970/693 808/967/702 893/1207/423
f 808/967/702 796/969/704 891/1209/381
f 824/1210/855 776/937/679 786/936/678
f 827/1211/856 786/936/678 779/940/672
f 826/1212/857 779/930/672 778/927/669
f 825/1213/858 778/927/669 775/929/671
f 777/945/685 791/944/684 910/1215/860
f 791/944/684 785/948/680 909/1217/862
f 785/938/680 784/935/677 908/1218/863
f 784/935/677 776/937/679 906/1220/864
f 758/919/664 772/921/666 939/1221/865
f 772/921/666 766/924/661 938/1223/867
f 766/914/661 765/911/658 937/1224/868
f 765/911/658 757/913/660 935/1226/869
f 819/1192/850 822/1193/851 759/903/650
f 822/1193/851 821/1194/852 760/906/653
f 821/1195/852 820/1196/853 767/912/659
f 820/1196/853 818/1197/854 757/913/660
f 824/1210/855 827/1211/856 803/959/696
f 827/1211/856 826/530/857 804/962/699
f 826/1212/857 825/1213/858 810/968/703
f 825/1213/858 823/1214/859 796/969/704
f 897/1227/402 345/566/439 348/565/438
f 900/1228/440 348/565/438 347/568/441
f 899/1230/399 347/571/441 346/570/442
f 898/1231/397 346/570/442 344/573/396
f 847/1001/729 852/1000/728 905/1233/443
f 852/1000/728 862/1529/870 904/1229/445
f 862/1005/870 861/1018/742 903/1235/446
f 861/1018/742 849/1020/744 901/1237/404
f 828/977/709 833/976/708 870/1238/871
f 833/976/708 843/1530/712 869/1240/852
f 843/981/712 842/994/722 868/1241/851
f 842/994/722 830/996/724 866/1243/850
f 848/1011/738 867/1239/872 870/1238/871
f 856/1009/736 870/1238/871 869/1240/852
f 857/1012/739 869/1242/852 868/1241/851
f 863/1019/743 868/1241/851 866/1243/850
f 872/1245/866 875/1246/873 850/999/727
f 875/1246/873 874/1531/867 851/1002/867
f 874/1247/867 873/1248/868 858/1010/737
f 873/1248/868 871/1532/869 848/1011/738
f 829/987/717 839/986/716 815/1249/874
f 839/986/716 832/992/876 816/1251/875
f 832/978/876 831/975/707 817/1252/863
f 831/975/707 828/977/709 814/1254/864
f 738/889/641 877/1179/394 880/1180/397
f 746/887/639 880/1180/397 879/1181/399
f 747/901/642 879/1182/399 878/1183/848
f 753/897/647 878/1183/848 876/1184/849
f 882/1186/404 885/1185/403 221/599/450
f 885/1185/403 884/1187/405 222/601/452
f 884/1190/405 883/1189/406 223/602/453
f 883/1189/406 881/1191/407 220/604/407
f 887/1199/413 890/1198/412 789/943/683
f 890/1198/412 889/1200/414 790/946/674
f 889/1202/414 888/1201/419 780/928/670
f 888/1201/419 886/1203/418 775/929/671
f 892/1205/421 895/1204/420 269/605/454
f 895/1204/420 894/1206/422 270/1255/382
f 894/1208/422 893/1207/423 271/607/380
f 893/1207/423 891/1209/381 268/609/381
f 829/987/717 897/1227/402 900/1228/440
f 837/985/715 900/1228/440 899/1229/399
f 838/988/877 899/1230/399 898/1231/397
f 844/995/723 898/1231/397 896/1232/394
f 902/1234/444 905/1233/443 351/611/456
f 905/1233/443 904/1229/445 352/568/452
f 904/1236/445 903/1235/446 353/613/457
f 903/1235/446 901/1237/404 350/615/451
f 907/1216/861 910/1215/860 944/1257/860
f 910/1215/860 909/1217/862 943/1259/862
f 909/1219/862 908/1218/863 942/1260/863
f 908/1218/863 906/1220/864 940/1262/864
f 911/1263/866 913/1267/865 797/951/688
f 797/951/688 913/1267/865 914/1264/867
f 914/1265/867 915/1266/868 805/960/697
f 915/1266/868 912/1268/869 795/961/698
f 945/1044/768 916/1025/749 921/1024/748
f 921/1024/748 931/1028/752 949/1045/769
f 931/1028/752 930/1037/761 956/1051/775
f 930/1037/761 918/1039/763 946/1052/776
f 423/627/458 918/1039/763 932/1038/762
f 425/628/459 932/1038/762 926/1034/758
f 426/629/460 926/1034/758 925/1031/755
f 427/630/461 925/1031/755 917/1033/757
f 936/1222/866 939/1221/865 913/1267/865
f 939/1221/865 938/1223/867 914/1264/867
f 938/1225/867 937/1224/868 915/1266/868
f 937/1224/868 935/1226/869 912/1268/869
f 941/1258/861 944/1257/860 751/899/648
f 944/1257/860 943/1259/862 752/898/636
f 943/1261/862 942/1260/863 742/880/632
f 942/1260/863 940/1262/864 737/881/633
f 947/1059/783 961/1058/782 459/632/462
f 961/1058/782 955/1053/777 460/634/464
f 955/1053/777 954/1050/774 461/635/465
f 954/1050/774 946/1052/776 458/636/466
f 984/1090/814 994/1089/813 978/1075/799
f 994/1089/813 987/1083/807 979/1066/790
f 987/1083/807 986/1080/804 969/1062/786
f 986/1080/804 983/1082/806 964/1063/787
f 486/637/467 985/1097/821 999/1096/820
f 488/638/468 999/1096/820 993/1091/815
f 489/639/460 993/1091/815 992/1088/812
f 490/640/469 992/1088/812 984/1090/814
f 966/1077/801 980/1076/800 483/641/465
f 980/1076/800 974/1072/796 484/643/464
f 974/1072/796 973/1069/793 485/644/462
f 973/1069/793 965/1071/795 482/645/470
f 947/1059/783 965/1071/795 975/1070/794
f 959/1057/781 975/1070/794 968/1064/788
f 960/1047/771 968/1064/788 967/1061/785
f 950/1043/767 967/1061/785 964/1063/787
f 917/1033/757 927/1032/756 997/1095/819
f 927/1032/756 920/1026/750 998/1085/809
f 920/1026/750 919/1023/747 988/1081/805
f 919/1023/747 916/1025/749 983/1082/806
f 604/753/527 624/1136/552 551/1270/836
f 1055/1271/2 1056/1278/2 603/1272/519
f 1085/1274/1 532/693/1 530/692/1
f 555/700/481 576/1109/514 623/1132/546
f 1039/1276/878 575/1525/508 556/708/489
f 1056/1278/2 1040/1359/832 557/1279/495
f 1066/1101/825 598/1100/824 532/693/1
f 718/856/614 701/1178/609 599/1280/843
f 531/696/2 534/695/2 720/1282/629
f 699/834/595 536/691/1 532/693/1
f 646/663/389 694/1287/389 690/1141/384
f 533/1284/2 641/1372/381 689/1285/381
f 695/1150/385 647/1149/385 535/1286/1
f 694/1287/389 672/1526/590 652/798/565
f 534/695/2 689/1285/381 653/1288/569
f 651/790/557 670/1138/576 700/1174/603
f 671/819/582 695/1150/385 536/691/1
f 876/1184/849 214/521/402 458/636/466
f 215/514/396 877/1179/394 896/1232/394
f 881/1191/407 544/697/3 19/9/3
f 219/600/451 350/615/451 901/1237/404
f 737/881/633 940/1262/864 543/1289/881
f 819/1192/850 866/1243/850 830/996/724
f 877/1179/394 738/889/641 830/996/724
f 739/895/645 876/1184/849 946/1052/776
f 758/919/664 936/1222/866 544/697/3
f 818/1197/854 543/1289/881 935/1226/869
f 819/1192/850 756/905/652 849/1020/744
f 882/1186/404 901/1237/404 849/1020/744
f 9/674/2 539/1290/2 886/1203/418
f 423/627/458 263/533/413 887/1199/413
f 268/609/381 891/1209/381 539/1290/2
f 542/1291/3 892/1205/421 267/606/384
f 539/1290/2 823/1214/859 775/929/671
f 906/1220/864 776/937/679 824/1210/855
f 918/1039/763 887/1199/413 777/945/685
f 911/1263/866 794/953/690 892/1205/421
f 891/1209/381 796/969/704 823/1214/859
f 541/1292/881 824/1210/855 795/961/698
f 867/1239/872 537/1295/881 814/1254/864
f 829/987/717 813/1250/861 538/1293/477
f 897/1227/402 538/1293/477 10/681/477
f 349/612/407 11/1502/3 540/1294/3
f 902/1234/444 540/1294/3 872/1245/866
f 848/1011/738 871/1532/869 537/1295/881
f 940/1262/864 906/1220/864 541/1292/881
f 946/1052/776 918/1039/763 907/1216/861
f 936/1222/866 911/1263/866 542/1291/3
f 543/1289/881 541/1292/881 912/1268/869
f 424/684/478 917/1033/757 985/1097/821
f 945/1044/768 964/1063/787 983/1082/806
f 457/633/463 482/645/470 965/1071/795
f 481/686/466 487/1503/458 984/1296/814
f 1050/1298/882 1016/1327/899 1029/1299/1
f 1072/1301/2 1084/1401/892 1021/1302/883
f 1083/1304/830 1020/1360/919 1025/1305/884
f 1041/1300/1 1029/1299/1 1028/1307/1
f 1071/1308/2 1072/1301/2 1027/1303/2
f 1069/1310/886 1070/1306/885 1025/1305/884
f 1068/1312/888 1069/1310/886 1024/1311/887
f 1067/1314/890 1068/1400/888 1023/1315/889
f 1084/1317/892 1067/1314/890 1022/1316/891
f 1039/1319/878 1020/1402/919 1019/1320/893
f 1038/1321/894 1019/1320/893 1018/1322/895
f 1037/1324/896 1018/1403/895 1017/1325/897
f 1036/1326/898 1017/1325/897 1016/1327/899
f 1015/1328/1 1002/1357/918 1042/1329/900
f 1064/1331/2 1013/1339/2 1007/1332/901
f 1077/1334/363 1062/1341/906 1011/1335/903
f 1014/1337/1 1015/1328/1 1035/1330/1
f 1063/1338/2 1012/1362/2 1013/1339/2
f 1061/1340/905 1010/1343/908 1011/1335/903
f 1060/1342/907 1009/1363/910 1010/1343/908
f 1059/1344/909 1008/1348/911 1009/1345/910
f 1078/1347/902 1007/1364/901 1008/1348/911
f 1005/1349/912 1006/1404/904 1033/1350/472
f 1004/1352/914 1005/1349/912 1032/1351/913
f 1003/1354/916 1004/1405/914 1031/1355/915
f 1002/1357/918 1003/1354/916 1030/1356/917
f 1042/1329/900 1030/1356/917 54/33/23
f 1030/1356/917 1031/1355/915 55/1358/36
f 1031/1353/915 1032/1351/913 62/44/32
f 1032/1351/913 1033/1350/472 52/45/33
f 1049/660/1 1035/1330/1 99/82/63
f 1035/1330/1 1042/1329/900 51/35/25
f 577/720/499 1036/1326/898 1050/1298/882
f 578/723/502 1037/1324/896 1036/1326/898
f 585/729/506 1038/1321/894 1037/1323/896
f 575/731/508 1039/1319/878 1038/1321/894
f 622/768/538 1041/1300/1 1057/688/1
f 574/721/500 1050/1298/882 1041/1300/1
f 1027/1303/2 1021/1302/883 1040/1359/832
f 1020/1360/919 1039/1276/878 1054/1277/879
f 1026/1309/2 1027/1303/2 1056/1278/2
f 1024/1311/887 1025/1305/884 1054/1277/879
f 1023/1313/889 1024/1311/887 1053/1117/835
f 1022/1316/891 1023/1315/889 1052/1361/834
f 1021/1318/883 1022/1316/891 1051/1114/833
f 1013/1339/2 1048/649/2 1034/655/364
f 1006/1336/904 1011/1335/903 1046/443/368
f 1012/1362/2 1047/647/2 1048/649/2
f 1010/1343/908 1045/442/367 1046/443/368
f 1009/1363/910 1044/441/366 1045/442/367
f 1008/1348/911 1043/439/365 1044/440/366
f 1007/1364/901 1034/438/364 1043/439/365
f 1055/1271/2 546/1273/842 1139/1365/920
f 1026/1309/2 1055/1271/2 1130/1366/2
f 1073/1275/1 530/692/1 1133/1368/1
f 1117/1370/1 535/1286/1 647/1149/385
f 641/1372/381 533/1284/2 1134/1373/2
f 545/1127/839 551/1270/836 1138/1375/921
f 1063/1338/2 1/4/2 1086/1377/2
f 123/1379/389 125/493/388 1108/1380/388
f 125/493/388 126/490/387 1107/1382/387
f 126/1383/387 127/488/386 1106/1384/386
f 127/488/386 124/485/385 1105/1386/385
f 642/1142/384 645/469/383 1142/471/383
f 24/449/373 25/451/375 1097/1387/922
f 25/454/375 26/453/376 1096/1388/923
f 26/453/376 23/455/377 1095/1390/920
f 551/1391/836 554/1533/353 1137/1392/354
f 533/1284/2 529/694/2 1116/1394/2
f 1012/1362/2 1063/1338/2 1114/1378/2
f 1028/1307/1 1073/1275/1 1145/1369/1
f 71/499/390 1078/1347/902 1059/1344/909
f 74/500/391 1059/1344/909 1060/1346/907
f 73/502/392 1060/1342/907 1061/1340/905
f 72/503/393 1061/1340/905 1062/1341/906
f 1/4/2 1063/1338/2 1064/1331/2
f 76/656/473 70/657/474 1062/1341/906
f 3/1397/2 1064/1534/2 1078/1398/902
f 594/1167/844 597/1168/845 1067/1314/890
f 597/1168/845 596/1527/846 1068/1400/888
f 596/1169/846 595/1170/847 1069/1310/886
f 595/1170/847 593/1281/880 1070/1306/885
f 529/694/2 531/696/2 1072/1301/2
f 599/1280/843 1083/1304/830 1070/1306/885
f 531/696/2 594/1283/844 1084/1401/892
f 1016/1327/899 1066/1101/825 1085/1274/1
f 1029/1299/1 1085/1274/1 1073/1275/1
f 1020/1402/919 1083/1107/830 1082/1104/828
f 1019/1320/893 1082/1104/828 1081/1106/826
f 1018/1403/895 1081/1102/826 1080/1099/823
f 1017/1325/897 1080/1099/823 1066/1101/825
f 1079/650/1 1058/426/357 1002/1357/918
f 1065/651/1 1079/650/1 1015/1328/1
f 1076/430/361 1077/433/363 1006/1404/904
f 1075/431/359 1076/430/361 1005/1349/912
f 1074/425/356 1075/428/359 1004/1405/914
f 1058/426/357 1074/425/356 1003/1354/916
f 1110/1406/1 1115/1425/1 1065/651/1
f 1111/1395/2 1114/1378/2 1132/1407/2
f 5/6/2 1088/1424/2 1086/1377/2
f 1094/1408/921 1093/1442/354 31/445/369
f 1096/1388/923 1095/1390/920 1139/1410/920
f 1097/1389/922 1096/1388/923 1119/1411/923
f 1098/462/378 1097/1387/922 1120/1413/922
f 119/667/384 1104/1443/384 1103/1415/383
f 1124/1416/386 1106/1384/386 1105/1386/385
f 1125/1417/387 1107/1385/387 1106/1384/386
f 1126/1418/388 1108/1380/388 1107/1382/387
f 1127/1420/389 1109/1381/389 1108/1380/388
f 1100/1421/381 1123/1374/381 1152/1422/2
f 1099/463/379 1094/1444/921 28/646/471
f 118/669/381 1100/1421/381 1088/1424/2
f 1089/416/1 1105/1386/385 124/485/385
f 1115/1425/1 1087/415/1 2/1/1
f 1111/1395/2 1112/1426/2 1047/647/2
f 1112/1426/2 1095/1446/920 23/1427/377
f 1113/662/1 1110/1406/1 1014/1337/1
f 1109/1428/389 1104/1443/384 119/667/384
f 1113/662/1 1090/661/349 1118/418/349
f 122/476/383 1103/1415/383 1102/1429/382
f 121/1430/382 1102/1447/382 1101/1431/380
f 120/481/380 1101/1431/380 1100/1432/381
f 1099/463/379 1098/462/378 1121/1414/378
f 1093/1433/354 1092/1436/352 30/1434/370
f 1092/1436/352 1091/1437/350 29/447/371
f 1091/1437/350 1090/661/349 27/448/372
f 1117/1370/1 1089/416/1 1087/415/1
f 535/1286/1 1117/1370/1 1133/1368/1
f 1122/1376/379 1121/1414/378 547/1126/838
f 1131/690/1 1118/418/349 550/1125/837
f 1132/1407/2 1116/1394/2 529/694/2
f 646/1438/389 1127/1420/389 1126/1418/388
f 648/1157/388 1126/1418/388 1125/1419/387
f 649/1439/387 1125/1417/387 1124/1416/386
f 650/1152/386 1124/1416/386 1144/1371/385
f 1121/1414/378 1120/1413/922 548/1128/840
f 1120/1412/922 1119/1411/923 549/1129/841
f 1119/1411/923 1139/1410/920 546/1131/842
f 1129/1367/2 1132/1407/2 1071/1308/2
f 1128/689/1 1145/1369/1 1115/1425/1
f 1116/1394/2 1132/1407/2 1153/1440/2
f 1138/1393/921 1137/1392/354 1093/1442/354
f 1143/664/384 1142/471/383 1103/1415/383
f 1122/1376/379 1138/1375/921 1094/1444/921
f 1086/1377/2 1148/1451/2 1149/1445/2
f 1089/416/1 1117/1370/1 1144/1371/385
f 1145/1369/1 1133/1368/1 1087/415/1
f 1129/1367/2 1130/1366/2 1112/1426/2
f 1130/1366/2 1139/1365/920 1095/1446/920
f 1131/690/1 1128/689/1 1110/1406/1
f 1127/665/389 1143/664/384 1104/1443/384
f 1142/471/383 1141/470/382 1102/1429/382
f 1141/468/382 1140/466/380 1101/1431/380
f 1140/466/380 1123/465/381 1100/1432/381
f 1137/423/354 1136/421/352 1092/1436/352
f 1136/421/352 1135/419/350 1091/1437/350
f 1135/419/350 1118/418/349 1090/661/349
f 1149/1448/881 1148/1458/881 1155/1449/881
f 1146/1450/2 1151/1441/2 1148/1451/2
f 1152/1422/2 1146/1450/2 1147/1452/2
f 1114/1378/2 1149/1445/2 1153/1440/2
f 1088/1424/2 1147/1452/2 1148/1451/2
f 1123/1374/381 1134/1373/2 1146/1450/2
f 1134/1373/2 1116/1394/2 1151/1441/2
f 1100/1421/381 1150/1423/2 1147/1452/2
f 1154/1453/2 1155/1535/2 1156/1454/2
f 1153/1456/475 1157/1536/475 1156/1457/475
f 1149/1459/924 1154/1534/924 1157/1460/924
f 1151/1462/925 1156/1537/925 1155/1463/925
